{
	"credit": "Made with Blockbench",
	"textures": {
		"1": "block/mob_spawner",
		"2": "block/black_stained_glass",
		"3": "block/anvil",
		"4": "block/stone_slab_top",
		"5": "block/furnace_top_custom",
		"particle": "block/black_stained_glass"
	},
	"elements": [
		{
			"from": [0, 0, 0],
			"to": [16, 2.5, 16],
			"faces": {
				"north": {"uv": [0, 0, 16, 2.5], "texture": "#4"},
				"east": {"uv": [0, 0, 16, 2.5], "texture": "#4"},
				"south": {"uv": [0, 0, 16, 2.5], "texture": "#4"},
				"west": {"uv": [0, 0, 16, 2.5], "texture": "#4"},
				"up": {"uv": [0, 0, 16, 16], "texture": "#3"},
				"down": {"uv": [0, 0, 16, 16], "texture": "#4"}
			}
		},
		{
			"from": [0, 13.5, 0],
			"to": [16, 16, 16],
			"faces": {
				"north": {"uv": [0, 0, 16, 2.5], "texture": "#4"},
				"east": {"uv": [0, 0, 16, 2.5], "texture": "#4"},
				"south": {"uv": [0, 0, 16, 2.5], "texture": "#4"},
				"west": {"uv": [0, 0, 16, 2.5], "texture": "#4"},
				"up": {"uv": [0, 0, 16, 16], "texture": "#4"},
				"down": {"uv": [0, 0, 16, 16], "texture": "#3"}
			}
		},
		{
			"from": [1, 16, 1],
			"to": [15, 16.2, 15],
			"faces": {
				"north": {"uv": [0, 0, 15, 0.2], "texture": "#5"},
				"east": {"uv": [0, 0, 15, 0.2], "texture": "#5"},
				"south": {"uv": [0, 0, 15, 0.2], "texture": "#5"},
				"west": {"uv": [0, 0, 15, 0.2], "texture": "#5"},
				"up": {"uv": [0, 0, 16, 16], "rotation": 180, "texture": "#5"},
				"down": {"uv": [0, 0, 16, 16], "texture": "#5"}
			}
		},
		{
			"from": [2.5, 2.5, 0],
			"to": [13.5, 3.5, 1],
			"faces": {
				"north": {"uv": [0, 0, 11, 1], "texture": "#3"},
				"east": {"uv": [0, 0, 1, 1], "texture": "#3"},
				"south": {"uv": [0, 0, 11, 1], "texture": "#3"},
				"west": {"uv": [0, 0, 1, 1], "texture": "#3"},
				"up": {"uv": [0, 0, 11, 1], "texture": "#3"},
				"down": {"uv": [0, 0, 11, 1], "texture": "#3"}
			}
		},
		{
			"from": [2.5, 10.5, 0],
			"to": [13.5, 11.75, 1],
			"faces": {
				"north": {"uv": [0, 0, 11, 3], "texture": "#3"},
				"east": {"uv": [0, 0, 16, 16], "texture": "#3"},
				"south": {"uv": [0, 0, 16, 16], "texture": "#3"},
				"west": {"uv": [0, 0, 16, 16], "texture": "#3"},
				"up": {"uv": [0, 0, 11, 1], "texture": "#3"},
				"down": {"uv": [0, 0, 11, 1], "texture": "#3"}
			}
		},
		{
			"from": [2.5, 12.2, 0],
			"to": [13.5, 13.5, 1],
			"faces": {
				"north": {"uv": [0, 0, 11, 1.3], "texture": "#3"},
				"east": {"uv": [0, 0, 16, 16], "texture": "#3"},
				"south": {"uv": [0, 0, 16, 16], "texture": "#3"},
				"west": {"uv": [0, 0, 16, 16], "texture": "#3"},
				"up": {"uv": [0, 0, 16, 16], "texture": "#3"},
				"down": {"uv": [0, 0, 11, 1], "texture": "#3"}
			}
		},
		{
			"from": [13.5, 12.2, 0],
			"to": [16, 13.5, 16],
			"faces": {
				"north": {"uv": [0, 0, 2.5, 1.3], "texture": "#3"},
				"east": {"uv": [0, 0, 16, 1.3], "texture": "#3"},
				"south": {"uv": [0, 0, 2.5, 1.3], "texture": "#3"},
				"west": {"uv": [0, 0, 16, 16], "texture": "#3"},
				"up": {"uv": [0, 0, 16, 16], "texture": "#3"},
				"down": {"uv": [0, 0, 11, 1], "texture": "#3"}
			}
		},
		{
			"from": [0, 12.2, 0],
			"to": [2.5, 13.5, 16],
			"faces": {
				"north": {"uv": [0, 0, 2.5, 1.3], "texture": "#3"},
				"east": {"uv": [0, 0, 16, 16], "texture": "#3"},
				"south": {"uv": [0, 0, 16, 16], "texture": "#3"},
				"west": {"uv": [0, 0, 16, 1.3], "texture": "#3"},
				"up": {"uv": [0, 0, 16, 16], "texture": "#3"},
				"down": {"uv": [0, 0, 11, 1], "texture": "#3"}
			}
		},
		{
			"from": [0, 11.7, 1],
			"to": [16, 12.2, 16],
			"faces": {
				"north": {"uv": [0, 0, 16, 0.5], "texture": "#3"},
				"east": {"uv": [0, 0, 15, 0.2], "texture": "#3"},
				"south": {"uv": [0, 0, 16, 0.2], "texture": "#3"},
				"west": {"uv": [0, 0, 15, 0.2], "texture": "#3"},
				"up": {"uv": [0, 0, 16, 16], "texture": "#3"},
				"down": {"uv": [0, 0, 11, 1], "texture": "#3"}
			}
		},
		{
			"from": [4.85, 14.5, -0.1],
			"to": [10.85, 15.5, 0],
			"faces": {
				"north": {"uv": [5.875, 15, 11.875, 16], "texture": "#2"},
				"east": {"uv": [0, 0, 1, 1], "texture": "#2"},
				"south": {"uv": [0, 0, 6, 1], "texture": "#2"},
				"west": {"uv": [0, 0, 1, 1], "texture": "#2"},
				"up": {"uv": [0, 0, 6, 1], "texture": "#2"},
				"down": {"uv": [0, 0, 6, 1], "texture": "#2"}
			}
		},
		{
			"from": [0.85, 13.5, -0.1],
			"to": [2.85, 14.5, 0.9],
			"faces": {
				"north": {"uv": [0, 0, 2, 1], "texture": "#4"},
				"east": {"uv": [0, 0, 1, 1], "texture": "#4"},
				"south": {"uv": [0, 0, 6, 1], "texture": "#4"},
				"west": {"uv": [0, 0, 1, 1], "texture": "#4"},
				"up": {"uv": [0, 0, 6, 1], "texture": "#4"},
				"down": {"uv": [0, 0, 6, 1], "texture": "#4"}
			}
		},
		{
			"from": [0.85, 12.5, -0.1],
			"to": [2.85, 13.5, 0.9],
			"faces": {
				"north": {"uv": [0, 0, 2, 1], "texture": "#3"},
				"east": {"uv": [0, 0, 2, 1], "texture": "#3"},
				"south": {"uv": [0, 0, 2, 1], "texture": "#3"},
				"west": {"uv": [0, 0, 2, 1], "texture": "#3"},
				"up": {"uv": [0, 0, 2, 1], "texture": "#3"},
				"down": {"uv": [0, 0, 2, 1], "texture": "#3"}
			}
		},
		{
			"from": [1.5, 10, -2],
			"to": [14.5, 11, -1],
			"rotation": {"angle": 0, "axis": "x", "origin": [8, 12.5, 0.5]},
			"faces": {
				"north": {"uv": [0, 0, 13, 1], "rotation": 180, "texture": "#4"},
				"east": {"uv": [0, 0, 1, 1], "rotation": 270, "texture": "#4"},
				"south": {"uv": [0, 0, 13, 1], "texture": "#4"},
				"west": {"uv": [0, 0, 1, 1], "rotation": 90, "texture": "#4"},
				"up": {"uv": [0, 0, 13, 1], "rotation": 180, "texture": "#4"},
				"down": {"uv": [0, 0, 13, 1], "texture": "#4"}
			}
		},
		{
			"from": [1.5, 10, -1],
			"to": [2.5, 11, 0],
			"rotation": {"angle": 0, "axis": "x", "origin": [8, 12.5, 0.5]},
			"faces": {
				"north": {"uv": [0, 0, 1, 1], "rotation": 180, "texture": "#4"},
				"east": {"uv": [0, 0, 1, 1], "rotation": 270, "texture": "#4"},
				"south": {"uv": [0, 0, 1, 1], "texture": "#4"},
				"west": {"uv": [0, 0, 1, 1], "rotation": 90, "texture": "#4"},
				"up": {"uv": [0, 0, 1, 1], "rotation": 180, "texture": "#4"},
				"down": {"uv": [0, 0, 1, 1], "texture": "#4"}
			}
		},
		{
			"from": [13.5, 10, -1],
			"to": [14.5, 11, 0],
			"rotation": {"angle": 0, "axis": "x", "origin": [8, 12.5, 0.5]},
			"faces": {
				"north": {"uv": [0, 0, 1, 1], "rotation": 180, "texture": "#4"},
				"east": {"uv": [0, 0, 1, 1], "rotation": 270, "texture": "#4"},
				"south": {"uv": [0, 0, 1, 1], "texture": "#4"},
				"west": {"uv": [0, 0, 1, 1], "rotation": 90, "texture": "#4"},
				"up": {"uv": [0, 0, 1, 1], "rotation": 180, "texture": "#4"},
				"down": {"uv": [0, 0, 1, 1], "texture": "#4"}
			}
		},
		{
			"from": [13.5, 13, -0.3],
			"to": [14.5, 14, 0.2],
			"rotation": {"angle": 45, "axis": "z", "origin": [14, 13.5, -0.25]},
			"faces": {
				"north": {"uv": [0, 0, 1, 1], "rotation": 270, "texture": "#4"},
				"east": {"uv": [0, 0, 1, 0.5], "rotation": 270, "texture": "#4"},
				"south": {"uv": [0, 0, 1, 1], "rotation": 270, "texture": "#4"},
				"west": {"uv": [0, 0, 1, 0.5], "rotation": 90, "texture": "#4"},
				"up": {"uv": [0, 0, 1, 0.5], "rotation": 180, "texture": "#4"},
				"down": {"uv": [0, 0, 1, 0.5], "texture": "#4"}
			}
		},
		{
			"from": [12.08579, 14.41421, -0.3],
			"to": [13.08579, 15.41421, 0.2],
			"rotation": {"angle": 45, "axis": "z", "origin": [14, 13.5, -0.25]},
			"faces": {
				"north": {"uv": [0, 0, 1, 1], "rotation": 270, "texture": "#4"},
				"east": {"uv": [0, 0, 1, 0.5], "rotation": 270, "texture": "#4"},
				"south": {"uv": [0, 0, 1, 1], "rotation": 270, "texture": "#4"},
				"west": {"uv": [0, 0, 1, 0.5], "rotation": 90, "texture": "#4"},
				"up": {"uv": [0, 0, 1, 0.5], "rotation": 180, "texture": "#4"},
				"down": {"uv": [0, 0, 1, 0.5], "texture": "#4"}
			}
		},
		{
			"from": [0, 2.5, 0],
			"to": [2.5, 12, 16],
			"faces": {
				"north": {"uv": [0, 0, 2.5, 11], "texture": "#3"},
				"east": {"uv": [0, 0, 16, 11], "texture": "#3"},
				"south": {"uv": [0, 0, 2.5, 11], "texture": "#3"},
				"west": {"uv": [0, 0, 16, 11], "texture": "#3"},
				"up": {"uv": [0, 0, 16, 16], "texture": "#3"},
				"down": {"uv": [0, 0, 16, 16], "texture": "#3"}
			}
		},
		{
			"from": [13.5, 2.5, 0],
			"to": [16, 12, 16],
			"faces": {
				"north": {"uv": [0, 0, 2.5, 11], "texture": "#3"},
				"east": {"uv": [0, 0, 16, 11], "texture": "#3"},
				"south": {"uv": [0, 0, 2.5, 11], "texture": "#3"},
				"west": {"uv": [0, 0, 16, 11], "texture": "#3"},
				"up": {"uv": [0, 0, 16, 16], "texture": "#3"},
				"down": {"uv": [0, 0, 16, 16], "texture": "#3"}
			}
		},
		{
			"from": [2, 2.5, 13.5],
			"to": [14, 13.5, 16],
			"faces": {
				"north": {"uv": [0, 0, 12, 11], "texture": "#3"},
				"east": {"uv": [0, 0, 2.5, 11], "texture": "#3"},
				"south": {"uv": [0, 0, 12, 11], "texture": "#3"},
				"west": {"uv": [0, 0, 2.5, 11], "texture": "#3"},
				"up": {"uv": [0, 0, 16, 16], "texture": "#3"},
				"down": {"uv": [0, 0, 16, 16], "texture": "#3"}
			}
		},
		{
			"from": [3.58579, 13.24264, -0.3],
			"to": [5.08579, 14.74264, 0.7],
			"rotation": {"angle": -45, "axis": "z", "origin": [5.5, 9.5, 0.5]},
			"faces": {
				"north": {"uv": [0, 0, 1.5, 1.5], "texture": "#4"},
				"east": {"uv": [0, 0, 1, 1.5], "texture": "#4"},
				"south": {"uv": [0, 0, 1.5, 1.5], "texture": "#4"},
				"west": {"uv": [0, 0, 1, 1.5], "texture": "#4"},
				"up": {"uv": [0, 0, 1.5, 1], "texture": "#4"},
				"down": {"uv": [0, 0, 1.5, 1], "texture": "#4"}
			}
		},
		{
			"from": [3.775, 13.4, -0.4],
			"to": [5.075, 14.7, -0.3],
			"rotation": {"angle": -45, "axis": "z", "origin": [5.48475, 9.64627, 0.5]},
			"faces": {
				"north": {"uv": [0, 0, 1.3, 1.3], "texture": "#3"},
				"east": {"uv": [0, 0, 0.1, 1.3], "texture": "#3"},
				"south": {"uv": [0, 0, 1.3, 1.3], "texture": "#3"},
				"west": {"uv": [0, 0, 0.1, 1.3], "texture": "#3"},
				"up": {"uv": [0, 0, 1.3, 0.1], "texture": "#3"},
				"down": {"uv": [0, 0, 1.3, 0.1], "texture": "#3"}
			}
		},
		{
			"from": [2.5, 6, 2],
			"to": [13.5, 6.1, 13],
			"faces": {
				"north": {"uv": [0, 1.5, 16, 2.1], "texture": "#1"},
				"east": {"uv": [0, 0, 16, 0.75], "texture": "#1"},
				"south": {"uv": [0.625, 0.375, 15.625, 15.5], "texture": "#1"},
				"west": {"uv": [0.625, 0.375, 15.625, 15.5], "texture": "#1"},
				"up": {"uv": [0, 0, 16, 16], "texture": "#1"},
				"down": {"uv": [0, 0, 16, 16], "texture": "#1"}
			}
		},
		{
			"from": [2.5, 3.5, 0.5],
			"to": [13.5, 10.5, 0.6],
			"rotation": {"angle": 0, "axis": "y", "origin": [8.5, 8.5, 8]},
			"faces": {
				"north": {"uv": [0, 0, 11, 7], "texture": "#2"},
				"east": {"uv": [0, 0, 0.1, 7], "texture": "#2"},
				"south": {"uv": [0, 0, 11, 7], "texture": "#2"},
				"west": {"uv": [0, 0, 0.1, 7], "texture": "#2"},
				"up": {"uv": [0, 0, 11, 0.1], "texture": "#2"},
				"down": {"uv": [0, 0, 11, 0.1], "texture": "#2"}
			}
		}
	],
	"display": {
		"thirdperson_righthand": {
			"rotation": [75, -45, 0],
			"translation": [0, 2.5, 0],
			"scale": [0.375, 0.375, 0.375]
		},
		"thirdperson_lefthand": {
			"rotation": [75, -45, 0],
			"scale": [0.375, 0.375, 0.375]
		},
		"firstperson_righthand": {
			"rotation": [0, 45, 0],
			"scale": [0.4, 0.4, 0.4]
		},
		"firstperson_lefthand": {
			"rotation": [0, -45, 0],
			"scale": [0.4, 0.4, 0.4]
		},
		"ground": {
			"translation": [0, 0.25, 0],
			"scale": [0.25, 0.25, 0.25]
		},
		"gui": {
			"rotation": [30, 135, 0],
			"scale": [0.625, 0.625, 0.625]
		},
		"fixed": {
			"scale": [0.5, 0.5, 0.5]
		}
	}
}
