{
	"credit": "robinnoob220 ;p",
	"texture_size": [128, 128],
	"textures": {
		"0": "block/vending",
		"1": "block/logo",
		"2": "block/glass",
		"3": "block/structure_block",
		"4": "block/numpad",
		"5": "block/vendingbag",
		"6": "block/hardened_clay_stained_light_blue",
		"7": "block/concrete_powder_white",
		"8": "block/bookshelf",
		"9": "block/funko",
		"10": "block/danny026",
		"11": "block/planks_spruce",
		"12": "block/vlagmtcrc",
		"13": "block/dusdavid",
		"14": "block/gravel",
		"particle": "block/vending"
	},
	"elements": [
		{
			"from": [1, 0, 0],
			"to": [15, 0, 1],
			"faces": {
				"north": {"uv": [0, 0, 1.75, 0], "texture": "#0"},
				"east": {"uv": [0, 0, 0.125, 0], "texture": "#0"},
				"south": {"uv": [0, 0, 1.75, 0], "texture": "#0"},
				"west": {"uv": [0, 0, 0.125, 0], "texture": "#0"},
				"up": {"uv": [16, 1, 0, 0], "texture": "#14"},
				"down": {"uv": [16, 1, 0, 0], "texture": "#9"}
			}
		},
		{
			"from": [6, 3, 0],
			"to": [6.5, 4, 1],
			"faces": {
				"north": {"uv": [1, 7.375, 1.0625, 7.5], "texture": "#0"},
				"east": {"uv": [5.75, 6, 5.875, 6.125], "texture": "#0"},
				"west": {"uv": [5.75, 6.125, 5.875, 6.25], "texture": "#0"}
			}
		},
		{
			"from": [1.75, 8, 0.5],
			"to": [3, 8.25, 0.75],
			"faces": {
				"north": {"uv": [0.875, 7.5, 1.0625, 7.5625], "texture": "#0"},
				"east": {"uv": [1.875, 8, 1.9375, 8.0625], "texture": "#0"},
				"west": {"uv": [2, 8, 2.0625, 8.0625], "texture": "#0"},
				"up": {"uv": [3.3125, 7.5625, 3.125, 7.5], "texture": "#0"},
				"down": {"uv": [3.5625, 7.5, 3.375, 7.5625], "texture": "#0"}
			}
		},
		{
			"from": [2.75, 8.25, 0.5],
			"to": [3, 9, 0.75],
			"faces": {
				"north": {"uv": [2.875, 7.75, 2.9375, 7.875], "texture": "#0"},
				"east": {"uv": [3, 7.75, 3.0625, 7.875], "texture": "#0"},
				"west": {"uv": [2.875, 7.875, 2.9375, 8], "texture": "#0"}
			}
		},
		{
			"from": [1.75, 9, 0.5],
			"to": [3, 9.25, 0.75],
			"faces": {
				"north": {"uv": [3.625, 7.5, 3.8125, 7.5625], "texture": "#0"},
				"east": {"uv": [2.125, 8, 2.1875, 8.0625], "texture": "#0"},
				"west": {"uv": [2.25, 8, 2.3125, 8.0625], "texture": "#0"},
				"up": {"uv": [0.8125, 7.6875, 0.625, 7.625], "texture": "#0"},
				"down": {"uv": [1.0625, 7.625, 0.875, 7.6875], "texture": "#0"}
			}
		},
		{
			"from": [1.75, 8.25, 0.5],
			"to": [2, 9, 0.75],
			"faces": {
				"north": {"uv": [3, 7.875, 3.0625, 8], "texture": "#0"},
				"east": {"uv": [7.875, 5.375, 7.9375, 5.5], "texture": "#0"},
				"west": {"uv": [7.875, 5.5, 7.9375, 5.625], "texture": "#0"}
			}
		},
		{
			"from": [1, 6, 15],
			"to": [15, 29, 16],
			"faces": {
				"north": {"uv": [0, 0, 1.75, 2.875], "texture": "#0"},
				"south": {"uv": [1.75, 0, 3.5, 2.875], "texture": "#0"}
			}
		},
		{
			"from": [1, 6, 0],
			"to": [15, 7, 2],
			"faces": {
				"north": {"uv": [7.875, 3.75, 9.625, 3.875], "texture": "#0"},
				"south": {"uv": [7.875, 3.875, 9.625, 4], "texture": "#0"},
				"up": {"uv": [2.375, 8, 0.625, 7.75], "texture": "#0"},
				"down": {"uv": [9.625, 2, 7.875, 2.25], "texture": "#0"}
			}
		},
		{
			"from": [6, 6, 1.25],
			"to": [15, 9, 14],
			"faces": {
				"north": {"uv": [7.875, 2.25, 9, 2.625], "texture": "#0"},
				"south": {"uv": [7.875, 2.625, 9, 3], "texture": "#0"},
				"west": {"uv": [7.5, 1.625, 9.125, 2], "texture": "#0"},
				"up": {"uv": [5, 7.625, 3.875, 6], "texture": "#0"}
			}
		},
		{
			"from": [6, 18, 0.75],
			"to": [15, 18.5, 14.75],
			"faces": {
				"north": {"uv": [7.875, 4.875, 9, 4.9375], "texture": "#0"},
				"south": {"uv": [7.875, 5, 9, 5.0625], "texture": "#0"},
				"up": {"uv": [1.125, 7.375, 0, 5.625], "texture": "#0"},
				"down": {"uv": [7, 5.75, 5.875, 7.5], "texture": "#0"}
			}
		},
		{
			"from": [1.5, 21.25, 0.5],
			"to": [1.75, 22.25, 0.75],
			"faces": {
				"north": {"uv": [7.875, 5.625, 7.9375, 5.75], "texture": "#0"},
				"east": {"uv": [0.625, 8, 0.6875, 8.125], "texture": "#0"},
				"west": {"uv": [0.75, 8, 0.8125, 8.125], "texture": "#0"}
			}
		},
		{
			"from": [1.5, 22.25, 0.5],
			"to": [4.25, 22.5, 0.75],
			"faces": {
				"north": {"uv": [1.25, 6.375, 1.625, 6.4375], "texture": "#0"},
				"east": {"uv": [2.875, 8, 2.9375, 8.0625], "texture": "#0"},
				"west": {"uv": [3, 8, 3.0625, 8.0625], "texture": "#0"},
				"up": {"uv": [1.5, 6.5625, 1.125, 6.5], "texture": "#0"},
				"down": {"uv": [1.875, 6.5, 1.5, 6.5625], "texture": "#0"}
			}
		},
		{
			"from": [1.75, 21.25, 0.65],
			"to": [4, 22.25, 1.4],
			"faces": {
				"north": {"uv": [0, 4, 16, 12], "texture": "#3"}
			}
		},
		{
			"from": [4, 21.25, 0.5],
			"to": [4.25, 22.25, 0.75],
			"faces": {
				"north": {"uv": [0.875, 8, 0.9375, 8.125], "texture": "#0"},
				"east": {"uv": [1, 8, 1.0625, 8.125], "texture": "#0"},
				"west": {"uv": [1.125, 8, 1.1875, 8.125], "texture": "#0"}
			}
		},
		{
			"from": [1.5, 21, 0.5],
			"to": [4.25, 21.25, 0.75],
			"faces": {
				"north": {"uv": [1.125, 6.625, 1.5, 6.6875], "texture": "#0"},
				"east": {"uv": [8, 5.375, 8.0625, 5.4375], "texture": "#0"},
				"west": {"uv": [8, 5.5, 8.0625, 5.5625], "texture": "#0"},
				"up": {"uv": [1.875, 6.6875, 1.5, 6.625], "texture": "#0"},
				"down": {"uv": [1.5, 6.75, 1.125, 6.8125], "texture": "#0"}
			}
		},
		{
			"from": [3.75, 20.25, 0.5],
			"to": [4.25, 20.75, 1.5],
			"faces": {
				"north": {"uv": [0.53125, 0.3125, 2.78125, 2.65625], "texture": "#4"},
				"east": {"uv": [0, 0, 0.125, 0.125], "texture": "#4"},
				"west": {"uv": [0, 0, 0.125, 0.125], "texture": "#4"},
				"up": {"uv": [0, 0, 0.125, 0.125], "texture": "#4"},
				"down": {"uv": [0, 0, 0.125, 0.125], "texture": "#4"}
			}
		},
		{
			"from": [3, 20.25, 0.5],
			"to": [3.5, 20.75, 1.5],
			"faces": {
				"north": {"uv": [3.3125, 0.3125, 5.5625, 2.65625], "texture": "#4"},
				"east": {"uv": [0, 0, 0.125, 0.125], "texture": "#4"},
				"west": {"uv": [0, 0, 0.125, 0.125], "texture": "#4"},
				"up": {"uv": [0, 0, 0.125, 0.125], "texture": "#4"},
				"down": {"uv": [0, 0, 0.125, 0.125], "texture": "#4"}
			}
		},
		{
			"from": [2.25, 20.25, 0.5],
			"to": [2.75, 20.75, 1.5],
			"faces": {
				"north": {"uv": [6.25, 0.3125, 8.5, 2.65625], "texture": "#4"},
				"east": {"uv": [0, 0, 0.125, 0.125], "texture": "#4"},
				"west": {"uv": [0, 0, 0.125, 0.125], "texture": "#4"},
				"up": {"uv": [0, 0, 0.125, 0.125], "texture": "#4"},
				"down": {"uv": [0, 0, 0.125, 0.125], "texture": "#4"}
			}
		},
		{
			"from": [2.25, 19.5, 0.5],
			"to": [2.75, 20, 1.5],
			"faces": {
				"north": {"uv": [0.53125, 3.96875, 2.78125, 6.3125], "texture": "#4"},
				"east": {"uv": [0, 0, 0.125, 0.125], "texture": "#4"},
				"west": {"uv": [0, 0, 0.125, 0.125], "texture": "#4"},
				"up": {"uv": [0, 0, 0.125, 0.125], "texture": "#4"},
				"down": {"uv": [0, 0, 0.125, 0.125], "texture": "#4"}
			}
		},
		{
			"from": [3, 19.5, 0.5],
			"to": [3.5, 20, 1.5],
			"faces": {
				"north": {"uv": [11.9375, 0.3125, 14.1875, 2.65625], "texture": "#4"},
				"east": {"uv": [0, 0, 0.125, 0.125], "texture": "#4"},
				"west": {"uv": [0, 0, 0.125, 0.125], "texture": "#4"},
				"up": {"uv": [0, 0, 0.125, 0.125], "texture": "#4"},
				"down": {"uv": [0, 0, 0.125, 0.125], "texture": "#4"}
			}
		},
		{
			"from": [3.75, 19.5, 0.5],
			"to": [4.25, 20, 1.5],
			"faces": {
				"north": {"uv": [9.15625, 0.3125, 11.40625, 2.65625], "texture": "#4"},
				"east": {"uv": [0, 0, 0.125, 0.125], "texture": "#4"},
				"west": {"uv": [0, 0, 0.125, 0.125], "texture": "#4"},
				"up": {"uv": [0, 0, 0.125, 0.125], "texture": "#4"},
				"down": {"uv": [0, 0, 0.125, 0.125], "texture": "#4"}
			}
		},
		{
			"from": [3.75, 18.75, 0.5],
			"to": [4.25, 19.25, 1.5],
			"faces": {
				"north": {"uv": [3.3125, 3.96875, 5.5625, 6.3125], "texture": "#4"},
				"east": {"uv": [0, 0, 0.125, 0.125], "texture": "#4"},
				"west": {"uv": [0, 0, 0.125, 0.125], "texture": "#4"},
				"up": {"uv": [0, 0, 0.125, 0.125], "texture": "#4"},
				"down": {"uv": [0, 0, 0.125, 0.125], "texture": "#4"}
			}
		},
		{
			"from": [3, 18.75, 0.5],
			"to": [3.5, 19.25, 1.5],
			"faces": {
				"north": {"uv": [6.25, 3.96875, 8.5, 6.3125], "texture": "#4"},
				"east": {"uv": [0, 0, 0.125, 0.125], "texture": "#4"},
				"west": {"uv": [0, 0, 0.125, 0.125], "texture": "#4"},
				"up": {"uv": [0, 0, 0.125, 0.125], "texture": "#4"},
				"down": {"uv": [0, 0, 0.125, 0.125], "texture": "#4"}
			}
		},
		{
			"from": [2.25, 18.75, 0.5],
			"to": [2.75, 19.25, 1.5],
			"faces": {
				"north": {"uv": [9.15625, 3.96875, 11.40625, 6.3125], "texture": "#4"},
				"east": {"uv": [0, 0, 0.125, 0.125], "texture": "#4"},
				"west": {"uv": [0, 0, 0.125, 0.125], "texture": "#4"},
				"up": {"uv": [0, 0, 0.125, 0.125], "texture": "#4"},
				"down": {"uv": [0, 0, 0.125, 0.125], "texture": "#4"}
			}
		},
		{
			"from": [2.25, 18.1, 0.5],
			"to": [2.75, 18.6, 1.5],
			"faces": {
				"north": {"uv": [0.46875, 7.125, 2.71875, 9.375], "texture": "#4"},
				"east": {"uv": [0, 0, 0.125, 0.125], "texture": "#4"},
				"west": {"uv": [0, 0, 0.125, 0.125], "texture": "#4"},
				"up": {"uv": [0, 0, 0.125, 0.125], "texture": "#4"},
				"down": {"uv": [0, 0, 0.125, 0.125], "texture": "#4"}
			}
		},
		{
			"from": [3, 18.1, 0.5],
			"to": [3.5, 18.6, 1.5],
			"faces": {
				"north": {"uv": [3.125, 6.78125, 5.6875, 9.4375], "texture": "#4"},
				"east": {"uv": [0, 0, 0.125, 0.125], "texture": "#4"},
				"west": {"uv": [0, 0, 0.125, 0.125], "texture": "#4"},
				"up": {"uv": [0, 0, 0.125, 0.125], "texture": "#4"},
				"down": {"uv": [0, 0, 0.125, 0.125], "texture": "#4"}
			}
		},
		{
			"from": [3.75, 18.1, 0.5],
			"to": [4.25, 18.6, 1.5],
			"faces": {
				"north": {"uv": [11.9375, 3.96875, 14.1875, 6.3125], "texture": "#4"},
				"east": {"uv": [0, 0, 0.125, 0.125], "texture": "#4"},
				"west": {"uv": [0, 0, 0.125, 0.125], "texture": "#4"},
				"up": {"uv": [0, 0, 0.125, 0.125], "texture": "#4"},
				"down": {"uv": [0, 0, 0.125, 0.125], "texture": "#4"}
			}
		},
		{
			"from": [4, 17.25, 0.5],
			"to": [4.25, 17.65, 0.75],
			"rotation": {"angle": 0, "axis": "y", "origin": [8, 3.35, 8]},
			"faces": {
				"north": {"uv": [0.75, 8.125, 0.8125, 8.1875], "texture": "#0"},
				"east": {"uv": [0.875, 8.125, 0.9375, 8.1875], "texture": "#0"},
				"west": {"uv": [1, 8.125, 1.0625, 8.1875], "texture": "#0"}
			}
		},
		{
			"from": [2.2, 17, 0.5],
			"to": [4.25, 17.25, 0.75],
			"rotation": {"angle": 0, "axis": "y", "origin": [8, 3.4, 8]},
			"faces": {
				"north": {"uv": [0.75, 7.375, 1, 7.4375], "texture": "#0"},
				"east": {"uv": [8, 5.625, 8.0625, 5.6875], "texture": "#0"},
				"west": {"uv": [0.625, 8.125, 0.6875, 8.1875], "texture": "#0"},
				"up": {"uv": [3.375, 7.4375, 3.125, 7.375], "texture": "#0"},
				"down": {"uv": [3.625, 7.375, 3.375, 7.4375], "texture": "#0"}
			}
		},
		{
			"from": [2.2, 17.25, 0.5],
			"to": [2.45, 17.65, 0.75],
			"rotation": {"angle": 0, "axis": "y", "origin": [8, 3.35, 8]},
			"faces": {
				"north": {"uv": [1.375, 8.125, 1.4375, 8.1875], "texture": "#0"},
				"east": {"uv": [1.5, 8.125, 1.5625, 8.1875], "texture": "#0"},
				"west": {"uv": [1.625, 8.125, 1.6875, 8.1875], "texture": "#0"}
			}
		},
		{
			"from": [2.2, 17.65, 0.5],
			"to": [4.25, 17.9, 0.75],
			"rotation": {"angle": 0, "axis": "y", "origin": [8, 3.4, 8]},
			"faces": {
				"north": {"uv": [3.625, 7.375, 3.875, 7.4375], "texture": "#0"},
				"east": {"uv": [1.125, 8.125, 1.1875, 8.1875], "texture": "#0"},
				"west": {"uv": [1.25, 8.125, 1.3125, 8.1875], "texture": "#0"},
				"up": {"uv": [5.875, 7.4375, 5.625, 7.375], "texture": "#0"},
				"down": {"uv": [0.875, 7.5, 0.625, 7.5625], "texture": "#0"}
			}
		},
		{
			"from": [1, 7, 0.75],
			"to": [6, 29, 15],
			"faces": {
				"north": {"uv": [5, 6, 5.625, 8.75], "texture": "#0"},
				"east": {"uv": [0, 2.875, 1.8125, 5.625], "texture": "#0"},
				"down": {"uv": [0.625, 7.375, 0, 9.1875], "texture": "#0"}
			}
		},
		{
			"from": [0, 29, 0],
			"to": [16, 30, 16],
			"faces": {
				"north": {"uv": [7.875, 3, 9.875, 3.125], "texture": "#0"},
				"east": {"uv": [7.875, 3.125, 9.875, 3.25], "texture": "#0"},
				"south": {"uv": [7.875, 3.25, 9.875, 3.375], "texture": "#0"},
				"west": {"uv": [7.875, 3.375, 9.875, 3.5], "texture": "#0"},
				"up": {"uv": [5.875, 4, 3.875, 2], "texture": "#0"},
				"down": {"uv": [5.875, 4, 3.875, 6], "texture": "#0"}
			}
		},
		{
			"from": [15, 22, 0],
			"to": [16, 29, 16],
			"faces": {
				"north": {"uv": [3.5, 2, 3.625, 2.875], "texture": "#0"},
				"east": {"uv": [1.125, 6.875, 3.125, 7.75], "texture": "#0"},
				"south": {"uv": [3.625, 2, 3.75, 2.875], "texture": "#0"},
				"west": {"uv": [7, 5.75, 9, 6.625], "texture": "#0"}
			}
		},
		{
			"from": [0, 22, 0],
			"to": [1, 29, 16],
			"faces": {
				"north": {"uv": [3.75, 2, 3.875, 2.875], "texture": "#0"},
				"east": {"uv": [7, 6.625, 9, 7.5], "texture": "#0"},
				"south": {"uv": [1.125, 5.625, 1.25, 6.5], "texture": "#0"},
				"west": {"uv": [7.5, 0, 9.5, 0.875], "texture": "#0"}
			}
		},
		{
			"from": [0, 6, 0],
			"to": [1, 22, 16],
			"faces": {
				"north": {"uv": [2.625, 7.75, 2.75, 9.75], "texture": "#0"},
				"east": {"uv": [1.875, 4.875, 3.875, 6.875], "texture": "#0"},
				"south": {"uv": [2.75, 7.75, 2.875, 9.75], "texture": "#0"},
				"west": {"uv": [0, 0, 16, 16], "texture": "#1"}
			}
		},
		{
			"from": [15, 6, 0],
			"to": [16, 22, 16],
			"faces": {
				"north": {"uv": [2.375, 7.75, 2.5, 9.75], "texture": "#0"},
				"east": {"uv": [0, 0, 16, 16], "texture": "#1"},
				"south": {"uv": [2.5, 7.75, 2.625, 9.75], "texture": "#0"},
				"west": {"uv": [3.5, 0, 5.5, 2], "texture": "#0"}
			}
		},
		{
			"from": [15, 0, 0],
			"to": [16, 6, 1],
			"faces": {
				"north": {"uv": [1.25, 5.625, 1.375, 6.375], "texture": "#0"},
				"east": {"uv": [1.375, 5.625, 1.5, 6.375], "texture": "#0"},
				"west": {"uv": [1.5, 5.625, 1.625, 6.375], "texture": "#0"},
				"down": {"uv": [5.875, 6.25, 5.75, 6.375], "texture": "#0"}
			}
		},
		{
			"from": [6, 4, 0],
			"to": [14, 4.5, 1],
			"faces": {
				"north": {"uv": [7.875, 5.125, 8.875, 5.1875], "texture": "#0"},
				"east": {"uv": [1.25, 8, 1.375, 8.0625], "texture": "#0"},
				"west": {"uv": [1.375, 8, 1.5, 8.0625], "texture": "#0"},
				"up": {"uv": [8.875, 4.5, 7.875, 4.375], "texture": "#0"},
				"down": {"uv": [8.875, 4.5, 7.875, 4.625], "texture": "#0"}
			}
		},
		{
			"from": [13.5, 3, 0],
			"to": [14, 4, 1],
			"faces": {
				"north": {"uv": [1.5, 8, 1.5625, 8.125], "texture": "#0"},
				"east": {"uv": [1.625, 6.375, 1.75, 6.5], "texture": "#0"},
				"west": {"uv": [1.75, 6.375, 1.875, 6.5], "texture": "#0"}
			}
		},
		{
			"from": [6, 2.5, 0],
			"to": [14, 3, 1],
			"faces": {
				"north": {"uv": [7.875, 5.25, 8.875, 5.3125], "texture": "#0"},
				"east": {"uv": [1.625, 8, 1.75, 8.0625], "texture": "#0"},
				"west": {"uv": [1.75, 8, 1.875, 8.0625], "texture": "#0"},
				"up": {"uv": [8.875, 4.75, 7.875, 4.625], "texture": "#0"},
				"down": {"uv": [8.875, 4.75, 7.875, 4.875], "texture": "#0"}
			}
		},
		{
			"from": [1, 1, 0],
			"to": [15, 2, 1],
			"faces": {
				"north": {"uv": [7.875, 4, 9.625, 4.125], "texture": "#0"},
				"up": {"uv": [9.625, 4.25, 7.875, 4.125], "texture": "#0"},
				"down": {"uv": [9.625, 4.25, 7.875, 4.375], "texture": "#0"}
			}
		},
		{
			"from": [0, 0, 0],
			"to": [1, 6, 1],
			"faces": {
				"north": {"uv": [1.625, 5.625, 1.75, 6.375], "texture": "#0"},
				"east": {"uv": [1.75, 5.625, 1.875, 6.375], "texture": "#0"},
				"west": {"uv": [5.625, 6, 5.75, 6.75], "texture": "#0"},
				"down": {"uv": [5.875, 6.375, 5.75, 6.5], "texture": "#0"}
			}
		},
		{
			"from": [7.5, 10, 1],
			"to": [8, 10.5, 1],
			"faces": {
				"north": {"uv": [7, 10.5, 7.125, 10.625], "texture": "#2"},
				"east": {"uv": [0, 0, 0, 0.125], "texture": "#0"},
				"south": {"uv": [7, 10.5, 7.125, 10.625], "texture": "#2"},
				"west": {"uv": [0, 0, 0, 0.125], "texture": "#0"},
				"up": {"uv": [0.125, 0, 0, 0], "texture": "#0"},
				"down": {"uv": [0.125, 0, 0, 0], "texture": "#0"}
			}
		},
		{
			"from": [7, 10.5, 1],
			"to": [7.5, 11, 1],
			"faces": {
				"north": {"uv": [7, 10.5, 7.125, 10.625], "texture": "#2"},
				"east": {"uv": [0, 0, 0, 0.125], "texture": "#0"},
				"south": {"uv": [7, 10.5, 7.125, 10.625], "texture": "#2"},
				"west": {"uv": [0, 0, 0, 0.125], "texture": "#0"},
				"up": {"uv": [0.125, 0, 0, 0], "texture": "#0"},
				"down": {"uv": [0.125, 0, 0, 0], "texture": "#0"}
			}
		},
		{
			"from": [8.5, 9, 1],
			"to": [9, 9.5, 1],
			"faces": {
				"north": {"uv": [6, 11.5, 6.125, 11.625], "texture": "#2"},
				"east": {"uv": [0, 0, 0, 0.125], "texture": "#0"},
				"south": {"uv": [6, 11.5, 6.125, 11.625], "texture": "#2"},
				"west": {"uv": [0, 0, 0, 0.125], "texture": "#0"},
				"up": {"uv": [0.125, 0, 0, 0], "texture": "#0"},
				"down": {"uv": [0.125, 0, 0, 0], "texture": "#0"}
			}
		},
		{
			"from": [8, 9.5, 1],
			"to": [8.5, 10, 1],
			"faces": {
				"north": {"uv": [6, 11.5, 6.125, 11.625], "texture": "#2"},
				"east": {"uv": [0, 0, 0, 0.125], "texture": "#0"},
				"south": {"uv": [6, 11.5, 6.125, 11.625], "texture": "#2"},
				"west": {"uv": [0, 0, 0, 0.125], "texture": "#0"},
				"up": {"uv": [0.125, 0, 0, 0], "texture": "#0"},
				"down": {"uv": [0.125, 0, 0, 0], "texture": "#0"}
			}
		},
		{
			"from": [12.5, 9, 1],
			"to": [13, 9.5, 1],
			"faces": {
				"north": {"uv": [7, 10.5, 7.125, 10.625], "texture": "#2"},
				"east": {"uv": [0, 0, 0, 0.125], "texture": "#0"},
				"south": {"uv": [7, 10.5, 7.125, 10.625], "texture": "#2"},
				"west": {"uv": [0, 0, 0, 0.125], "texture": "#0"},
				"up": {"uv": [0.125, 0, 0, 0], "texture": "#0"},
				"down": {"uv": [0.125, 0, 0, 0], "texture": "#0"}
			}
		},
		{
			"from": [13, 8.5, 1],
			"to": [13.5, 9, 1],
			"faces": {
				"north": {"uv": [6, 11.5, 6.125, 11.625], "texture": "#2"},
				"east": {"uv": [0, 0, 0, 0.125], "texture": "#0"},
				"south": {"uv": [6, 11.5, 6.125, 11.625], "texture": "#2"},
				"west": {"uv": [0, 0, 0, 0.125], "texture": "#0"},
				"up": {"uv": [0.125, 0, 0, 0], "texture": "#0"},
				"down": {"uv": [0.125, 0, 0, 0], "texture": "#0"}
			}
		},
		{
			"from": [14.5, 14, 1],
			"to": [15, 14.5, 1],
			"faces": {
				"north": {"uv": [6, 11.5, 6.125, 11.625], "texture": "#2"},
				"east": {"uv": [0, 0, 0, 0.125], "texture": "#0"},
				"south": {"uv": [6, 11.5, 6.125, 11.625], "texture": "#2"},
				"west": {"uv": [0, 0, 0, 0.125], "texture": "#0"},
				"up": {"uv": [0.125, 0, 0, 0], "texture": "#0"},
				"down": {"uv": [0.125, 0, 0, 0], "texture": "#0"}
			}
		},
		{
			"from": [14, 14.5, 1],
			"to": [14.5, 15, 1],
			"faces": {
				"north": {"uv": [6, 11.5, 6.125, 11.625], "texture": "#2"},
				"east": {"uv": [0, 0, 0, 0.125], "texture": "#0"},
				"south": {"uv": [6, 11.5, 6.125, 11.625], "texture": "#2"},
				"west": {"uv": [0, 0, 0, 0.125], "texture": "#0"},
				"up": {"uv": [0.125, 0, 0, 0], "texture": "#0"},
				"down": {"uv": [0.125, 0, 0, 0], "texture": "#0"}
			}
		},
		{
			"from": [13.5, 15, 1],
			"to": [14, 15.5, 1],
			"faces": {
				"north": {"uv": [6, 11.5, 6.125, 11.625], "texture": "#2"},
				"east": {"uv": [0, 0, 0, 0.125], "texture": "#0"},
				"south": {"uv": [6, 11.5, 6.125, 11.625], "texture": "#2"},
				"west": {"uv": [0, 0, 0, 0.125], "texture": "#0"},
				"up": {"uv": [0.125, 0, 0, 0], "texture": "#0"},
				"down": {"uv": [0.125, 0, 0, 0], "texture": "#0"}
			}
		},
		{
			"from": [12.5, 16, 1],
			"to": [13, 16.5, 1],
			"faces": {
				"north": {"uv": [7, 10.5, 7.125, 10.625], "texture": "#2"},
				"east": {"uv": [0, 0, 0, 0.125], "texture": "#0"},
				"south": {"uv": [7, 10.5, 7.125, 10.625], "texture": "#2"},
				"west": {"uv": [0, 0, 0, 0.125], "texture": "#0"},
				"up": {"uv": [0.125, 0, 0, 0], "texture": "#0"},
				"down": {"uv": [0.125, 0, 0, 0], "texture": "#0"}
			}
		},
		{
			"from": [12, 16.5, 1],
			"to": [12.5, 17, 1],
			"faces": {
				"north": {"uv": [7, 10.5, 7.125, 10.625], "texture": "#2"},
				"east": {"uv": [0, 0, 0, 0.125], "texture": "#0"},
				"south": {"uv": [7, 10.5, 7.125, 10.625], "texture": "#2"},
				"west": {"uv": [0, 0, 0, 0.125], "texture": "#0"},
				"up": {"uv": [0.125, 0, 0, 0], "texture": "#0"},
				"down": {"uv": [0.125, 0, 0, 0], "texture": "#0"}
			}
		},
		{
			"from": [13, 15.5, 1],
			"to": [13.5, 16, 1],
			"faces": {
				"north": {"uv": [7, 10.5, 7.125, 10.625], "texture": "#2"},
				"east": {"uv": [0, 0, 0, 0.125], "texture": "#0"},
				"south": {"uv": [7, 10.5, 7.125, 10.625], "texture": "#2"},
				"west": {"uv": [0, 0, 0, 0.125], "texture": "#0"},
				"up": {"uv": [0.125, 0, 0, 0], "texture": "#0"},
				"down": {"uv": [0.125, 0, 0, 0], "texture": "#0"}
			}
		},
		{
			"from": [8.5, 15, 1],
			"to": [9, 15.5, 1],
			"faces": {
				"north": {"uv": [6, 11.5, 6.125, 11.625], "texture": "#2"},
				"east": {"uv": [0, 0, 0, 0.125], "texture": "#0"},
				"south": {"uv": [6, 11.5, 6.125, 11.625], "texture": "#2"},
				"west": {"uv": [0, 0, 0, 0.125], "texture": "#0"},
				"up": {"uv": [0.125, 0, 0, 0], "texture": "#0"},
				"down": {"uv": [0.125, 0, 0, 0], "texture": "#0"}
			}
		},
		{
			"from": [8, 15.5, 1],
			"to": [8.5, 16, 1],
			"faces": {
				"north": {"uv": [6, 11.5, 6.125, 11.625], "texture": "#2"},
				"east": {"uv": [0, 0, 0, 0.125], "texture": "#0"},
				"south": {"uv": [6, 11.5, 6.125, 11.625], "texture": "#2"},
				"west": {"uv": [0, 0, 0, 0.125], "texture": "#0"},
				"up": {"uv": [0.125, 0, 0, 0], "texture": "#0"},
				"down": {"uv": [0.125, 0, 0, 0], "texture": "#0"}
			}
		},
		{
			"from": [7.5, 16, 1],
			"to": [8, 16.5, 1],
			"faces": {
				"north": {"uv": [7, 10.5, 7.125, 10.625], "texture": "#2"},
				"east": {"uv": [0, 0, 0, 0.125], "texture": "#0"},
				"south": {"uv": [7, 10.5, 7.125, 10.625], "texture": "#2"},
				"west": {"uv": [0, 0, 0, 0.125], "texture": "#0"},
				"up": {"uv": [0.125, 0, 0, 0], "texture": "#0"},
				"down": {"uv": [0.125, 0, 0, 0], "texture": "#0"}
			}
		},
		{
			"from": [8.5, 24, 1],
			"to": [9, 24.5, 1],
			"faces": {
				"north": {"uv": [6, 11.5, 6.125, 11.625], "texture": "#2"},
				"east": {"uv": [0, 0, 0, 0.125], "texture": "#0"},
				"south": {"uv": [6, 11.5, 6.125, 11.625], "texture": "#2"},
				"west": {"uv": [0, 0, 0, 0.125], "texture": "#0"},
				"up": {"uv": [0.125, 0, 0, 0], "texture": "#0"},
				"down": {"uv": [0.125, 0, 0, 0], "texture": "#0"}
			}
		},
		{
			"from": [8, 24.5, 1],
			"to": [8.5, 25, 1],
			"faces": {
				"north": {"uv": [6, 11.5, 6.125, 11.625], "texture": "#2"},
				"east": {"uv": [0, 0, 0, 0.125], "texture": "#0"},
				"south": {"uv": [6, 11.5, 6.125, 11.625], "texture": "#2"},
				"west": {"uv": [0, 0, 0, 0.125], "texture": "#0"},
				"up": {"uv": [0.125, 0, 0, 0], "texture": "#0"},
				"down": {"uv": [0.125, 0, 0, 0], "texture": "#0"}
			}
		},
		{
			"from": [7.5, 25, 1],
			"to": [8, 25.5, 1],
			"faces": {
				"north": {"uv": [6, 11.5, 6.125, 11.625], "texture": "#2"},
				"east": {"uv": [0, 0, 0, 0.125], "texture": "#0"},
				"south": {"uv": [6, 11.5, 6.125, 11.625], "texture": "#2"},
				"west": {"uv": [0, 0, 0, 0.125], "texture": "#0"},
				"up": {"uv": [0.125, 0, 0, 0], "texture": "#0"},
				"down": {"uv": [0.125, 0, 0, 0], "texture": "#0"}
			}
		},
		{
			"from": [6.5, 26, 1],
			"to": [7, 26.5, 1],
			"faces": {
				"north": {"uv": [7, 10.5, 7.125, 10.625], "texture": "#2"},
				"east": {"uv": [0, 0, 0, 0.125], "texture": "#0"},
				"south": {"uv": [7, 10.5, 7.125, 10.625], "texture": "#2"},
				"west": {"uv": [0, 0, 0, 0.125], "texture": "#0"},
				"up": {"uv": [0.125, 0, 0, 0], "texture": "#0"},
				"down": {"uv": [0.125, 0, 0, 0], "texture": "#0"}
			}
		},
		{
			"from": [7, 25.5, 1],
			"to": [7.5, 26, 1],
			"faces": {
				"north": {"uv": [7, 10.5, 7.125, 10.625], "texture": "#2"},
				"east": {"uv": [0, 0, 0, 0.125], "texture": "#0"},
				"south": {"uv": [7, 10.5, 7.125, 10.625], "texture": "#2"},
				"west": {"uv": [0, 0, 0, 0.125], "texture": "#0"},
				"up": {"uv": [0.125, 0, 0, 0], "texture": "#0"},
				"down": {"uv": [0.125, 0, 0, 0], "texture": "#0"}
			}
		},
		{
			"from": [10.5, 27, 1],
			"to": [11, 27.5, 1],
			"faces": {
				"north": {"uv": [6, 11.5, 6.125, 11.625], "texture": "#2"},
				"east": {"uv": [0, 0, 0, 0.125], "texture": "#0"},
				"south": {"uv": [6, 11.5, 6.125, 11.625], "texture": "#2"},
				"west": {"uv": [0, 0, 0, 0.125], "texture": "#0"},
				"up": {"uv": [0.125, 0, 0, 0], "texture": "#0"},
				"down": {"uv": [0.125, 0, 0, 0], "texture": "#0"}
			}
		},
		{
			"from": [10, 27.5, 1],
			"to": [10.5, 28, 1],
			"faces": {
				"north": {"uv": [6, 11.5, 6.125, 11.625], "texture": "#2"},
				"east": {"uv": [0, 0, 0, 0.125], "texture": "#0"},
				"south": {"uv": [6, 11.5, 6.125, 11.625], "texture": "#2"},
				"west": {"uv": [0, 0, 0, 0.125], "texture": "#0"},
				"up": {"uv": [0.125, 0, 0, 0], "texture": "#0"},
				"down": {"uv": [0.125, 0, 0, 0], "texture": "#0"}
			}
		},
		{
			"from": [9.5, 28, 1],
			"to": [10, 28.5, 1],
			"faces": {
				"north": {"uv": [7, 10.5, 7.125, 10.625], "texture": "#2"},
				"east": {"uv": [0, 0, 0, 0.125], "texture": "#0"},
				"south": {"uv": [7, 10.5, 7.125, 10.625], "texture": "#2"},
				"west": {"uv": [0, 0, 0, 0.125], "texture": "#0"},
				"up": {"uv": [0.125, 0, 0, 0], "texture": "#0"},
				"down": {"uv": [0.125, 0, 0, 0], "texture": "#0"}
			}
		},
		{
			"from": [12.5, 25, 1],
			"to": [13, 25.5, 1],
			"faces": {
				"north": {"uv": [7, 10.5, 7.125, 10.625], "texture": "#2"},
				"east": {"uv": [0, 0, 0, 0.125], "texture": "#0"},
				"south": {"uv": [7, 10.5, 7.125, 10.625], "texture": "#2"},
				"west": {"uv": [0, 0, 0, 0.125], "texture": "#0"},
				"up": {"uv": [0.125, 0, 0, 0], "texture": "#0"},
				"down": {"uv": [0.125, 0, 0, 0], "texture": "#0"}
			}
		},
		{
			"from": [13.5, 24, 1],
			"to": [14, 24.5, 1],
			"faces": {
				"north": {"uv": [7, 10.5, 7.125, 10.625], "texture": "#2"},
				"east": {"uv": [0, 0, 0, 0.125], "texture": "#0"},
				"south": {"uv": [7, 10.5, 7.125, 10.625], "texture": "#2"},
				"west": {"uv": [0, 0, 0, 0.125], "texture": "#0"},
				"up": {"uv": [0.125, 0, 0, 0], "texture": "#0"},
				"down": {"uv": [0.125, 0, 0, 0], "texture": "#0"}
			}
		},
		{
			"from": [13, 24.5, 1],
			"to": [13.5, 25, 1],
			"faces": {
				"north": {"uv": [7, 10.5, 7.125, 10.625], "texture": "#2"},
				"east": {"uv": [0, 0, 0, 0.125], "texture": "#0"},
				"south": {"uv": [7, 10.5, 7.125, 10.625], "texture": "#2"},
				"west": {"uv": [0, 0, 0, 0.125], "texture": "#0"},
				"up": {"uv": [0.125, 0, 0, 0], "texture": "#0"},
				"down": {"uv": [0.125, 0, 0, 0], "texture": "#0"}
			}
		},
		{
			"from": [14.5, 23, 1],
			"to": [15, 23.5, 1],
			"faces": {
				"north": {"uv": [6, 11.5, 6.125, 11.625], "texture": "#2"},
				"east": {"uv": [0, 0, 0, 0.125], "texture": "#0"},
				"south": {"uv": [6, 11.5, 6.125, 11.625], "texture": "#2"},
				"west": {"uv": [0, 0, 0, 0.125], "texture": "#0"},
				"up": {"uv": [0.125, 0, 0, 0], "texture": "#0"},
				"down": {"uv": [0.125, 0, 0, 0], "texture": "#0"}
			}
		},
		{
			"from": [14, 23.5, 1],
			"to": [14.5, 24, 1],
			"faces": {
				"north": {"uv": [6, 11.5, 6.125, 11.625], "texture": "#2"},
				"east": {"uv": [0, 0, 0, 0.125], "texture": "#0"},
				"south": {"uv": [6, 11.5, 6.125, 11.625], "texture": "#2"},
				"west": {"uv": [0, 0, 0, 0.125], "texture": "#0"},
				"up": {"uv": [0.125, 0, 0, 0], "texture": "#0"},
				"down": {"uv": [0.125, 0, 0, 0], "texture": "#0"}
			}
		},
		{
			"from": [11, 18.75, 1],
			"to": [11.5, 19.25, 1],
			"faces": {
				"north": {"uv": [6, 11.5, 6.125, 11.625], "texture": "#2"},
				"east": {"uv": [0, 0, 0, 0.125], "texture": "#0"},
				"south": {"uv": [6, 11.5, 6.125, 11.625], "texture": "#2"},
				"west": {"uv": [0, 0, 0, 0.125], "texture": "#0"},
				"up": {"uv": [0.125, 0, 0, 0], "texture": "#0"},
				"down": {"uv": [0.125, 0, 0, 0], "texture": "#0"}
			}
		},
		{
			"from": [10, 19.75, 1],
			"to": [10.5, 20.25, 1],
			"faces": {
				"north": {"uv": [7, 10.5, 7.125, 10.625], "texture": "#2"},
				"east": {"uv": [0, 0, 0, 0.125], "texture": "#0"},
				"south": {"uv": [7, 10.5, 7.125, 10.625], "texture": "#2"},
				"west": {"uv": [0, 0, 0, 0.125], "texture": "#0"},
				"up": {"uv": [0.125, 0, 0, 0], "texture": "#0"},
				"down": {"uv": [0.125, 0, 0, 0], "texture": "#0"}
			}
		},
		{
			"from": [9.5, 20.25, 1],
			"to": [10, 20.75, 1],
			"faces": {
				"north": {"uv": [7, 10.5, 7.125, 10.625], "texture": "#2"},
				"east": {"uv": [0, 0, 0, 0.125], "texture": "#0"},
				"south": {"uv": [7, 10.5, 7.125, 10.625], "texture": "#2"},
				"west": {"uv": [0, 0, 0, 0.125], "texture": "#0"},
				"up": {"uv": [0.125, 0, 0, 0], "texture": "#0"},
				"down": {"uv": [0.125, 0, 0, 0], "texture": "#0"}
			}
		},
		{
			"from": [10.5, 19.25, 1],
			"to": [11, 19.75, 1],
			"faces": {
				"north": {"uv": [7, 10.5, 7.125, 10.625], "texture": "#2"},
				"east": {"uv": [0, 0, 0, 0.125], "texture": "#0"},
				"south": {"uv": [7, 10.5, 7.125, 10.625], "texture": "#2"},
				"west": {"uv": [0, 0, 0, 0.125], "texture": "#0"},
				"up": {"uv": [0.125, 0, 0, 0], "texture": "#0"},
				"down": {"uv": [0.125, 0, 0, 0], "texture": "#0"}
			}
		},
		{
			"from": [6.5, 11, 1],
			"to": [7, 11.5, 1],
			"faces": {
				"north": {"uv": [8.5, 9, 8.625, 9.125], "texture": "#2"},
				"east": {"uv": [0, 0, 0, 0.125], "texture": "#0"},
				"south": {"uv": [7, 10.5, 7.125, 10.625], "texture": "#2"},
				"west": {"uv": [0, 0, 0, 0.125], "texture": "#0"},
				"up": {"uv": [0.125, 0, 0, 0], "texture": "#0"},
				"down": {"uv": [0.125, 0, 0, 0], "texture": "#0"}
			}
		},
		{
			"from": [7.5, 10, 1],
			"to": [8, 10.5, 1],
			"faces": {
				"north": {"uv": [7, 10.5, 7.125, 10.625], "texture": "#2"},
				"east": {"uv": [0, 0, 0, 0.125], "texture": "#0"},
				"south": {"uv": [7, 10.5, 7.125, 10.625], "texture": "#2"},
				"west": {"uv": [0, 0, 0, 0.125], "texture": "#0"},
				"up": {"uv": [0.125, 0, 0, 0], "texture": "#0"},
				"down": {"uv": [0.125, 0, 0, 0], "texture": "#0"}
			}
		},
		{
			"from": [8.5, 9, 1],
			"to": [9, 9.5, 1],
			"faces": {
				"north": {"uv": [6, 11.5, 6.125, 11.625], "texture": "#2"},
				"east": {"uv": [0, 0, 0, 0.125], "texture": "#0"},
				"south": {"uv": [6, 11.5, 6.125, 11.625], "texture": "#2"},
				"west": {"uv": [0, 0, 0, 0.125], "texture": "#0"},
				"up": {"uv": [0.125, 0, 0, 0], "texture": "#0"},
				"down": {"uv": [0.125, 0, 0, 0], "texture": "#0"}
			}
		},
		{
			"from": [12.5, 9, 1],
			"to": [13, 9.5, 1],
			"faces": {
				"north": {"uv": [7, 10.5, 7.125, 10.625], "texture": "#2"},
				"east": {"uv": [0, 0, 0, 0.125], "texture": "#0"},
				"south": {"uv": [7, 10.5, 7.125, 10.625], "texture": "#2"},
				"west": {"uv": [0, 0, 0, 0.125], "texture": "#0"},
				"up": {"uv": [0.125, 0, 0, 0], "texture": "#0"},
				"down": {"uv": [0.125, 0, 0, 0], "texture": "#0"}
			}
		},
		{
			"from": [13.5, 8, 1],
			"to": [14, 8.5, 1],
			"faces": {
				"north": {"uv": [6, 11.5, 6.125, 11.625], "texture": "#2"},
				"east": {"uv": [0, 0, 0, 0.125], "texture": "#0"},
				"south": {"uv": [6, 11.5, 6.125, 11.625], "texture": "#2"},
				"west": {"uv": [0, 0, 0, 0.125], "texture": "#0"},
				"up": {"uv": [0.125, 0, 0, 0], "texture": "#0"},
				"down": {"uv": [0.125, 0, 0, 0], "texture": "#0"}
			}
		},
		{
			"from": [14.5, 14, 1],
			"to": [15, 14.5, 1],
			"faces": {
				"north": {"uv": [6, 11.5, 6.125, 11.625], "texture": "#2"},
				"east": {"uv": [0, 0, 0, 0.125], "texture": "#0"},
				"south": {"uv": [6, 11.5, 6.125, 11.625], "texture": "#2"},
				"west": {"uv": [0, 0, 0, 0.125], "texture": "#0"},
				"up": {"uv": [0.125, 0, 0, 0], "texture": "#0"},
				"down": {"uv": [0.125, 0, 0, 0], "texture": "#0"}
			}
		},
		{
			"from": [13.5, 15, 1],
			"to": [14, 15.5, 1],
			"faces": {
				"north": {"uv": [6, 11.5, 6.125, 11.625], "texture": "#2"},
				"east": {"uv": [0, 0, 0, 0.125], "texture": "#0"},
				"south": {"uv": [6, 11.5, 6.125, 11.625], "texture": "#2"},
				"west": {"uv": [0, 0, 0, 0.125], "texture": "#0"},
				"up": {"uv": [0.125, 0, 0, 0], "texture": "#0"},
				"down": {"uv": [0.125, 0, 0, 0], "texture": "#0"}
			}
		},
		{
			"from": [12.5, 16, 1],
			"to": [13, 16.5, 1],
			"faces": {
				"north": {"uv": [7, 10.5, 7.125, 10.625], "texture": "#2"},
				"east": {"uv": [0, 0, 0, 0.125], "texture": "#0"},
				"south": {"uv": [7, 10.5, 7.125, 10.625], "texture": "#2"},
				"west": {"uv": [0, 0, 0, 0.125], "texture": "#0"},
				"up": {"uv": [0.125, 0, 0, 0], "texture": "#0"},
				"down": {"uv": [0.125, 0, 0, 0], "texture": "#0"}
			}
		},
		{
			"from": [8.5, 15, 1],
			"to": [9, 15.5, 1],
			"faces": {
				"north": {"uv": [6, 11.5, 6.125, 11.625], "texture": "#2"},
				"east": {"uv": [0, 0, 0, 0.125], "texture": "#0"},
				"south": {"uv": [6, 11.5, 6.125, 11.625], "texture": "#2"},
				"west": {"uv": [0, 0, 0, 0.125], "texture": "#0"},
				"up": {"uv": [0.125, 0, 0, 0], "texture": "#0"},
				"down": {"uv": [0.125, 0, 0, 0], "texture": "#0"}
			}
		},
		{
			"from": [7.5, 16, 1],
			"to": [8, 16.5, 1],
			"faces": {
				"north": {"uv": [7, 10.5, 7.125, 10.625], "texture": "#2"},
				"east": {"uv": [0, 0, 0, 0.125], "texture": "#0"},
				"south": {"uv": [7, 10.5, 7.125, 10.625], "texture": "#2"},
				"west": {"uv": [0, 0, 0, 0.125], "texture": "#0"},
				"up": {"uv": [0.125, 0, 0, 0], "texture": "#0"},
				"down": {"uv": [0.125, 0, 0, 0], "texture": "#0"}
			}
		},
		{
			"from": [8.5, 24, 1],
			"to": [9, 24.5, 1],
			"faces": {
				"north": {"uv": [6, 11.5, 6.125, 11.625], "texture": "#2"},
				"east": {"uv": [0, 0, 0, 0.125], "texture": "#0"},
				"south": {"uv": [6, 11.5, 6.125, 11.625], "texture": "#2"},
				"west": {"uv": [0, 0, 0, 0.125], "texture": "#0"},
				"up": {"uv": [0.125, 0, 0, 0], "texture": "#0"},
				"down": {"uv": [0.125, 0, 0, 0], "texture": "#0"}
			}
		},
		{
			"from": [7.5, 25, 1],
			"to": [8, 25.5, 1],
			"faces": {
				"north": {"uv": [6, 11.5, 6.125, 11.625], "texture": "#2"},
				"east": {"uv": [0, 0, 0, 0.125], "texture": "#0"},
				"south": {"uv": [6, 11.5, 6.125, 11.625], "texture": "#2"},
				"west": {"uv": [0, 0, 0, 0.125], "texture": "#0"},
				"up": {"uv": [0.125, 0, 0, 0], "texture": "#0"},
				"down": {"uv": [0.125, 0, 0, 0], "texture": "#0"}
			}
		},
		{
			"from": [6.5, 26, 1],
			"to": [7, 26.5, 1],
			"faces": {
				"north": {"uv": [7, 10.5, 7.125, 10.625], "texture": "#2"},
				"east": {"uv": [0, 0, 0, 0.125], "texture": "#0"},
				"south": {"uv": [7, 10.5, 7.125, 10.625], "texture": "#2"},
				"west": {"uv": [0, 0, 0, 0.125], "texture": "#0"},
				"up": {"uv": [0.125, 0, 0, 0], "texture": "#0"},
				"down": {"uv": [0.125, 0, 0, 0], "texture": "#0"}
			}
		},
		{
			"from": [10.5, 27, 1],
			"to": [11, 27.5, 1],
			"faces": {
				"north": {"uv": [6, 11.5, 6.125, 11.625], "texture": "#2"},
				"east": {"uv": [0, 0, 0, 0.125], "texture": "#0"},
				"south": {"uv": [6, 11.5, 6.125, 11.625], "texture": "#2"},
				"west": {"uv": [0, 0, 0, 0.125], "texture": "#0"},
				"up": {"uv": [0.125, 0, 0, 0], "texture": "#0"},
				"down": {"uv": [0.125, 0, 0, 0], "texture": "#0"}
			}
		},
		{
			"from": [9.5, 28, 1],
			"to": [10, 28.5, 1],
			"faces": {
				"north": {"uv": [7, 10.5, 7.125, 10.625], "texture": "#2"},
				"east": {"uv": [0, 0, 0, 0.125], "texture": "#0"},
				"south": {"uv": [7, 10.5, 7.125, 10.625], "texture": "#2"},
				"west": {"uv": [0, 0, 0, 0.125], "texture": "#0"},
				"up": {"uv": [0.125, 0, 0, 0], "texture": "#0"},
				"down": {"uv": [0.125, 0, 0, 0], "texture": "#0"}
			}
		},
		{
			"from": [12.5, 25, 1],
			"to": [13, 25.5, 1],
			"faces": {
				"north": {"uv": [7, 10.5, 7.125, 10.625], "texture": "#2"},
				"east": {"uv": [0, 0, 0, 0.125], "texture": "#0"},
				"south": {"uv": [7, 10.5, 7.125, 10.625], "texture": "#2"},
				"west": {"uv": [0, 0, 0, 0.125], "texture": "#0"},
				"up": {"uv": [0.125, 0, 0, 0], "texture": "#0"},
				"down": {"uv": [0.125, 0, 0, 0], "texture": "#0"}
			}
		},
		{
			"from": [13.5, 24, 1],
			"to": [14, 24.5, 1],
			"faces": {
				"north": {"uv": [7, 10.5, 7.125, 10.625], "texture": "#2"},
				"east": {"uv": [0, 0, 0, 0.125], "texture": "#0"},
				"south": {"uv": [7, 10.5, 7.125, 10.625], "texture": "#2"},
				"west": {"uv": [0, 0, 0, 0.125], "texture": "#0"},
				"up": {"uv": [0.125, 0, 0, 0], "texture": "#0"},
				"down": {"uv": [0.125, 0, 0, 0], "texture": "#0"}
			}
		},
		{
			"from": [14.5, 23, 1],
			"to": [15, 23.5, 1],
			"faces": {
				"north": {"uv": [6, 11.5, 6.125, 11.625], "texture": "#2"},
				"east": {"uv": [0, 0, 0, 0.125], "texture": "#0"},
				"south": {"uv": [6, 11.5, 6.125, 11.625], "texture": "#2"},
				"west": {"uv": [0, 0, 0, 0.125], "texture": "#0"},
				"up": {"uv": [0.125, 0, 0, 0], "texture": "#0"},
				"down": {"uv": [0.125, 0, 0, 0], "texture": "#0"}
			}
		},
		{
			"from": [11, 18.75, 1],
			"to": [11.5, 19.25, 1],
			"faces": {
				"north": {"uv": [6, 11.5, 6.125, 11.625], "texture": "#2"},
				"east": {"uv": [0, 0, 0, 0.125], "texture": "#0"},
				"south": {"uv": [6, 11.5, 6.125, 11.625], "texture": "#2"},
				"west": {"uv": [0, 0, 0, 0.125], "texture": "#0"},
				"up": {"uv": [0.125, 0, 0, 0], "texture": "#0"},
				"down": {"uv": [0.125, 0, 0, 0], "texture": "#0"}
			}
		},
		{
			"from": [10, 19.75, 1],
			"to": [10.5, 20.25, 1],
			"faces": {
				"north": {"uv": [7, 10.5, 7.125, 10.625], "texture": "#2"},
				"east": {"uv": [0, 0, 0, 0.125], "texture": "#0"},
				"south": {"uv": [7, 10.5, 7.125, 10.625], "texture": "#2"},
				"west": {"uv": [0, 0, 0, 0.125], "texture": "#0"},
				"up": {"uv": [0.125, 0, 0, 0], "texture": "#0"},
				"down": {"uv": [0.125, 0, 0, 0], "texture": "#0"}
			}
		},
		{
			"from": [6.5, 11, 1],
			"to": [7, 11.5, 1],
			"faces": {
				"north": {"uv": [8.5, 9, 8.625, 9.125], "texture": "#2"},
				"east": {"uv": [0, 0, 0, 0.125], "texture": "#0"},
				"south": {"uv": [7, 10.5, 7.125, 10.625], "texture": "#2"},
				"west": {"uv": [0, 0, 0, 0.125], "texture": "#0"},
				"up": {"uv": [0.125, 0, 0, 0], "texture": "#0"},
				"down": {"uv": [0.125, 0, 0, 0], "texture": "#0"}
			}
		},
		{
			"from": [0, 0, 1],
			"to": [16, 6, 16],
			"faces": {
				"north": {"uv": [7.5, 0.875, 9.5, 1.625], "texture": "#0"},
				"east": {"uv": [3.125, 7.625, 5, 8.375], "texture": "#0"},
				"south": {"uv": [5.625, 7.5, 7.625, 8.25], "texture": "#0"},
				"west": {"uv": [7.625, 7.5, 9.5, 8.25], "texture": "#0"},
				"up": {"uv": [7.875, 3.875, 5.875, 2], "texture": "#0"},
				"down": {"uv": [7.875, 3.875, 5.875, 5.75], "texture": "#0"}
			}
		},
		{
			"from": [2.45, 17.25, 0.65],
			"to": [4, 17.65, 0.75],
			"rotation": {"angle": 0, "axis": "y", "origin": [-0.05, 0, 1.15]},
			"faces": {
				"north": {"uv": [5.375, 8.5625, 5.4375, 8.625], "texture": "#0"},
				"east": {"uv": [0, 0, 0.0125, 0.05], "texture": "#missing"},
				"south": {"uv": [0, 0, 0.19375, 0.05], "texture": "#missing"},
				"west": {"uv": [0, 0, 0.0125, 0.05], "texture": "#missing"},
				"up": {"uv": [0, 0, 0.19375, 0.0125], "texture": "#missing"},
				"down": {"uv": [0, 0, 0.19375, 0.0125], "texture": "#missing"}
			}
		},
		{
			"from": [11.54567, 8.98633, 8.52157],
			"to": [13.18367, 15.28633, 8.80157],
			"rotation": {"angle": -22.5, "axis": "y", "origin": [10.5201, 13.62111, 6.06627]},
			"faces": {
				"north": {"uv": [0, 0, 2.5, 8.125], "texture": "#6"},
				"east": {"uv": [0, 0, 2.5, 8.125], "texture": "#6"},
				"south": {"uv": [2.5, 0, 0, 8.125], "texture": "#6"},
				"west": {"uv": [0, 0, 2.5, 8.125], "texture": "#6"},
				"up": {"uv": [0, 0, 4.5, 1], "texture": "#6"},
				"down": {"uv": [0, 0, 2.5, 8.125], "texture": "#6"}
			}
		},
		{
			"from": [7.88252, 8.98633, 8.53234],
			"to": [9.52052, 15.28633, 8.81234],
			"rotation": {"angle": 22.5, "axis": "y", "origin": [10.5201, 13.62111, 6.06627]},
			"faces": {
				"north": {"uv": [0, 0, 2.5, 8.125], "texture": "#6"},
				"east": {"uv": [0, 0, 2.5, 8.125], "texture": "#6"},
				"south": {"uv": [0, 0, 2.5, 8.125], "texture": "#6"},
				"west": {"uv": [0, 0, 2.5, 8.125], "texture": "#6"},
				"up": {"uv": [0, 0, 4.5, 1], "texture": "#6"},
				"down": {"uv": [0, 0, 2.5, 8.125], "texture": "#6"}
			}
		},
		{
			"from": [8.43417, 8.98633, 2.54266],
			"to": [9.13417, 15.28633, 9.61266],
			"rotation": {"angle": 0, "axis": "y", "origin": [10.5201, 13.62111, 6.06627]},
			"faces": {
				"north": {"uv": [0, 0, 1, 10], "texture": "#6"},
				"east": {"uv": [0, 0, 8, 7.5], "texture": "#6"},
				"south": {"uv": [0, 0, 1, 10], "texture": "#6"},
				"west": {"uv": [0, 0, 15.8, 14.4], "texture": "#5"},
				"up": {"uv": [0, 0, 1, 10], "texture": "#6"},
				"down": {"uv": [0, 0, 2.5, 8.125], "texture": "#6"}
			}
		},
		{
			"from": [8.64417, 17.02422, 5.35456],
			"to": [8.85417, 17.23422, 7.01006],
			"rotation": {"angle": 0, "axis": "y", "origin": [10.5201, 13.62111, 6.06627]},
			"faces": {
				"north": {"uv": [0, 0, 1.25, 1.125], "rotation": 270, "texture": "#missing"},
				"east": {"uv": [0, 0, 0.5, 4.5], "rotation": 90, "texture": "#7"},
				"south": {"uv": [0, 0, 0.0625, 0.625], "rotation": 180, "texture": "#missing"},
				"west": {"uv": [0, 0, 0.5, 4.5], "rotation": 270, "texture": "#7"},
				"up": {"uv": [0, 0, 0.5, 4.5], "texture": "#7"},
				"down": {"uv": [0, 0, 0.5, 4.5], "texture": "#7"}
			}
		},
		{
			"from": [8.64347, 17.11036, 5.55554],
			"to": [8.85347, 17.32036, 6.25554],
			"rotation": {"angle": 22.5, "axis": "x", "origin": [10.5201, 13.62111, 6.06627]},
			"faces": {
				"north": {"uv": [0, 0, 1.25, 1.125], "rotation": 270, "texture": "#missing"},
				"east": {"uv": [0, 0, 0.5, 4.5], "rotation": 90, "texture": "#7"},
				"south": {"uv": [0, 0, 0.0625, 0.625], "rotation": 180, "texture": "#missing"},
				"west": {"uv": [0, 0, 0.5, 4.5], "rotation": 270, "texture": "#7"},
				"up": {"uv": [0, 0, 0.5, 4.5], "texture": "#7"},
				"down": {"uv": [0, 0, 0.5, 4.5], "texture": "#7"}
			}
		},
		{
			"from": [8.64347, 17.02128, 6.09206],
			"to": [8.85347, 17.23128, 6.79206],
			"rotation": {"angle": -22.5, "axis": "x", "origin": [10.5201, 13.62111, 6.06627]},
			"faces": {
				"north": {"uv": [0, 0, 1.25, 1.125], "rotation": 270, "texture": "#missing"},
				"east": {"uv": [0, 0, 0.5, 4.5], "rotation": 90, "texture": "#7"},
				"south": {"uv": [0, 0, 0.0625, 0.625], "rotation": 180, "texture": "#missing"},
				"west": {"uv": [0, 0, 0.5, 4.5], "rotation": 270, "texture": "#7"},
				"up": {"uv": [0, 0, 0.5, 4.5], "texture": "#7"},
				"down": {"uv": [0, 0, 0.5, 4.5], "texture": "#7"}
			}
		},
		{
			"from": [8.64417, 14.32649, 2.74077],
			"to": [8.85417, 15.02649, 2.95077],
			"rotation": {"angle": 45, "axis": "x", "origin": [10.5201, 13.62111, 6.06627]},
			"faces": {
				"north": {"uv": [0, 0, 0.5, 4.5], "texture": "#7"},
				"east": {"uv": [0, 0, 0.5, 4.5], "texture": "#7"},
				"south": {"uv": [0, 0, 0.5, 4.5], "texture": "#7"},
				"west": {"uv": [0, 0, 0.5, 4.5], "texture": "#7"},
				"up": {"uv": [0, 0, 0.0625, 0.625], "rotation": 180, "texture": "#missing"},
				"down": {"uv": [0, 0, 1.25, 1.125], "rotation": 90, "texture": "#missing"}
			}
		},
		{
			"from": [8.64417, 14.16189, 9.34637],
			"to": [8.85417, 14.86189, 9.55637],
			"rotation": {"angle": -45, "axis": "x", "origin": [10.5201, 13.62111, 6.06627]},
			"faces": {
				"north": {"uv": [0, 0, 0.5, 4.5], "texture": "#7"},
				"east": {"uv": [0, 0, 0.5, 4.5], "texture": "#7"},
				"south": {"uv": [0, 0, 0.5, 4.5], "texture": "#7"},
				"west": {"uv": [0, 0, 0.5, 4.5], "texture": "#7"},
				"up": {"uv": [0, 0, 0.0625, 0.625], "rotation": 180, "texture": "#missing"},
				"down": {"uv": [0, 0, 0.0625, 0.625], "rotation": 180, "texture": "#missing"}
			}
		},
		{
			"from": [8.64347, 14.93133, 8.87375],
			"to": [8.85347, 15.45633, 9.08375],
			"rotation": {"angle": -22.5, "axis": "x", "origin": [10.5201, 13.62111, 6.06627]},
			"faces": {
				"north": {"uv": [0, 0, 0.5, 4.5], "texture": "#7"},
				"east": {"uv": [0, 0, 0.5, 4.5], "texture": "#7"},
				"south": {"uv": [0, 0, 0.5, 4.5], "texture": "#7"},
				"west": {"uv": [0, 0, 0.5, 4.5], "texture": "#7"},
				"up": {"uv": [0, 0, 0.0625, 0.625], "rotation": 180, "texture": "#missing"},
				"down": {"uv": [0, 0, 0.0625, 0.625], "rotation": 180, "texture": "#missing"}
			}
		},
		{
			"from": [8.64347, 15.02041, 3.26385],
			"to": [8.85347, 15.54541, 3.47385],
			"rotation": {"angle": 22.5, "axis": "x", "origin": [10.5201, 13.62111, 6.06627]},
			"faces": {
				"north": {"uv": [0, 0, 0.5, 4.5], "texture": "#7"},
				"east": {"uv": [0, 0, 0.5, 4.5], "texture": "#7"},
				"south": {"uv": [0, 0, 0.5, 4.5], "texture": "#7"},
				"west": {"uv": [0, 0, 0.5, 4.5], "texture": "#7"},
				"up": {"uv": [0, 0, 0.0625, 0.625], "rotation": 180, "texture": "#missing"},
				"down": {"uv": [0, 0, 0.0625, 0.625], "rotation": 180, "texture": "#missing"}
			}
		},
		{
			"from": [8.64417, 15.28633, 4.01266],
			"to": [8.85417, 15.98633, 4.22266],
			"rotation": {"angle": 0, "axis": "y", "origin": [10.5201, 13.62111, 6.06627]},
			"faces": {
				"north": {"uv": [0, 0, 0.5, 4.5], "texture": "#7"},
				"east": {"uv": [0, 0, 0.5, 4.5], "texture": "#7"},
				"south": {"uv": [0, 0, 0.5, 4.5], "texture": "#7"},
				"west": {"uv": [0, 0, 0.5, 4.5], "texture": "#7"},
				"up": {"uv": [0, 0, 0.0625, 0.625], "rotation": 180, "texture": "#missing"},
				"down": {"uv": [0, 0, 0.0625, 0.625], "rotation": 180, "texture": "#missing"}
			}
		},
		{
			"from": [8.64417, 15.28633, 8.14266],
			"to": [8.85417, 15.98633, 8.35266],
			"rotation": {"angle": 0, "axis": "y", "origin": [10.5201, 13.62111, 6.06627]},
			"faces": {
				"north": {"uv": [0, 0, 0.5, 4.5], "texture": "#7"},
				"east": {"uv": [0, 0, 0.5, 4.5], "texture": "#7"},
				"south": {"uv": [0, 0, 0.5, 4.5], "texture": "#7"},
				"west": {"uv": [0, 0, 0.5, 4.5], "texture": "#7"},
				"up": {"uv": [0, 0, 0.0625, 0.625], "rotation": 180, "texture": "#missing"},
				"down": {"uv": [0, 0, 0.0625, 0.625], "rotation": 180, "texture": "#missing"}
			}
		},
		{
			"from": [11.93417, 8.98633, 2.54266],
			"to": [12.63417, 15.28633, 9.61266],
			"rotation": {"angle": 0, "axis": "y", "origin": [10.5201, 13.62111, 6.06627]},
			"faces": {
				"north": {"uv": [0, 0, 1, 10], "texture": "#6"},
				"east": {"uv": [0, 0, 15.8, 14.4], "texture": "#5"},
				"south": {"uv": [0, 0, 1, 10], "texture": "#6"},
				"west": {"uv": [0, 0, 8, 7.5], "texture": "#6"},
				"up": {"uv": [0, 0, 1, 10], "texture": "#6"},
				"down": {"uv": [0, 0, 2.5, 8.125], "texture": "#6"}
			}
		},
		{
			"from": [9.20417, 12.48633, 4.43266],
			"to": [11.23417, 14.72633, 6.32266],
			"rotation": {"angle": 0, "axis": "y", "origin": [10.5201, 13.62111, 6.06627]},
			"faces": {
				"north": {"uv": [2.5, 4.5, 4, 7.5], "rotation": 180, "texture": "#8"},
				"east": {"uv": [2.5, 4.5, 4, 7.5], "rotation": 180, "texture": "#8"},
				"south": {"uv": [2.5, 4.5, 4, 7.5], "rotation": 180, "texture": "#8"},
				"west": {"uv": [2.5, 4.5, 4, 7.5], "rotation": 180, "texture": "#8"},
				"up": {"uv": [2.5, 4.5, 4, 7.5], "rotation": 180, "texture": "#8"},
				"down": {"uv": [0, 0, 1.25, 1.125], "rotation": 180, "texture": "#missing"}
			}
		},
		{
			"from": [9.20417, 12.48633, 3.52266],
			"to": [10.53417, 15.00633, 4.22266],
			"rotation": {"angle": 0, "axis": "y", "origin": [10.5201, 13.62111, 6.06627]},
			"faces": {
				"north": {"uv": [9, 13, 10, 15.5], "rotation": 180, "texture": "#8"},
				"east": {"uv": [9, 13, 10, 15.5], "rotation": 180, "texture": "#8"},
				"south": {"uv": [9, 13, 10, 15.5], "rotation": 180, "texture": "#8"},
				"west": {"uv": [9, 13, 10, 15.5], "rotation": 180, "texture": "#8"},
				"up": {"uv": [9, 13, 10, 15.5], "rotation": 180, "texture": "#8"},
				"down": {"uv": [0, 0, 1.25, 1.125], "rotation": 180, "texture": "#missing"}
			}
		},
		{
			"from": [11.23417, 12.48633, 4.22266],
			"to": [11.93417, 14.93633, 4.85266],
			"rotation": {"angle": 0, "axis": "y", "origin": [10.5201, 13.62111, 6.06627]},
			"faces": {
				"north": {"uv": [1, 12, 2.5, 15], "rotation": 180, "texture": "#8"},
				"east": {"uv": [1, 12, 2.5, 15], "rotation": 180, "texture": "#8"},
				"south": {"uv": [1, 12, 2.5, 15], "rotation": 180, "texture": "#8"},
				"west": {"uv": [1, 12, 2.5, 15], "rotation": 180, "texture": "#8"},
				"up": {"uv": [1, 12, 2.5, 15], "rotation": 180, "texture": "#8"},
				"down": {"uv": [0, 0, 1.25, 1.125], "rotation": 180, "texture": "#missing"}
			}
		},
		{
			"from": [9.20417, 12.48633, 7.02266],
			"to": [9.83417, 14.72633, 7.51266],
			"rotation": {"angle": 0, "axis": "y", "origin": [10.5201, 13.62111, 6.06627]},
			"faces": {
				"north": {"uv": [4, 4, 5.5, 7], "rotation": 180, "texture": "#8"},
				"east": {"uv": [4, 4, 5.5, 7], "rotation": 180, "texture": "#8"},
				"south": {"uv": [4, 4, 5.5, 7], "rotation": 180, "texture": "#8"},
				"west": {"uv": [4, 4, 5.5, 7], "rotation": 180, "texture": "#8"},
				"up": {"uv": [4, 4, 5.5, 7], "rotation": 180, "texture": "#8"},
				"down": {"uv": [0, 0, 1.25, 1.125], "rotation": 180, "texture": "#missing"}
			}
		},
		{
			"from": [9.90417, 12.48633, 6.32266],
			"to": [11.93417, 14.72633, 8.21266],
			"rotation": {"angle": 0, "axis": "y", "origin": [10.5201, 13.62111, 6.06627]},
			"faces": {
				"north": {"uv": [0.5, 4, 2, 7], "rotation": 180, "texture": "#8"},
				"east": {"uv": [0.5, 4, 2, 7], "rotation": 180, "texture": "#8"},
				"south": {"uv": [0.5, 4, 2, 7], "rotation": 180, "texture": "#8"},
				"west": {"uv": [0.5, 4, 2, 7], "rotation": 180, "texture": "#8"},
				"up": {"uv": [0.5, 4, 2, 7], "rotation": 180, "texture": "#8"},
				"down": {"uv": [0, 0, 1.25, 1.125], "rotation": 180, "texture": "#missing"}
			}
		},
		{
			"from": [9.13417, 8.98633, 3.24266],
			"to": [11.93417, 12.48633, 8.91266],
			"rotation": {"angle": 0, "axis": "y", "origin": [10.5201, 13.62111, 6.06627]},
			"faces": {
				"north": {"uv": [0.5, 3, 1, 7.5], "rotation": 90, "texture": "#8"},
				"east": {"uv": [0, 0, 2.5, 8.125], "texture": "#6"},
				"south": {"uv": [10, 3, 9.5, 7.5], "rotation": 270, "texture": "#8"},
				"west": {"uv": [0, 0, 2.5, 8.125], "texture": "#6"},
				"up": {"uv": [10, 3, 0.5, 7.5], "rotation": 270, "texture": "#8"},
				"down": {"uv": [0, 0, 2.5, 8.125], "texture": "#6"}
			}
		},
		{
			"from": [11.53695, 8.98633, 3.35202],
			"to": [13.17495, 15.28633, 3.63202],
			"rotation": {"angle": 22.5, "axis": "y", "origin": [10.5201, 13.62111, 6.06627]},
			"faces": {
				"north": {"uv": [0, 0, 2.5, 8.125], "texture": "#6"},
				"east": {"uv": [0, 0, 0.25, 0.5625], "texture": "#missing"},
				"south": {"uv": [0, 0, 2.5, 8.125], "texture": "#6"},
				"west": {"uv": [0, 0, 0.05, 0.5625], "texture": "#missing"},
				"up": {"uv": [0, 0, 4.5, 1], "texture": "#6"},
				"down": {"uv": [0, 0, 0.25, 0.05], "texture": "#missing"}
			}
		},
		{
			"from": [7.89124, 8.98633, 3.34125],
			"to": [9.52924, 15.28633, 3.62125],
			"rotation": {"angle": -22.5, "axis": "y", "origin": [10.5201, 13.62111, 6.06627]},
			"faces": {
				"north": {"uv": [2.5, 0, 0, 8.125], "texture": "#6"},
				"east": {"uv": [0, 0, 2.5, 8.125], "texture": "#6"},
				"south": {"uv": [0, 0, 2.5, 8.125], "texture": "#6"},
				"west": {"uv": [0, 0, 2.5, 8.125], "texture": "#6"},
				"up": {"uv": [0, 0, 4.5, 1], "texture": "#6"},
				"down": {"uv": [0, 0, 2.5, 8.125], "texture": "#6"}
			}
		},
		{
			"from": [9.13417, 8.98633, 3.03266],
			"to": [10.11417, 9.16133, 3.24266],
			"rotation": {"angle": 0, "axis": "y", "origin": [10.5201, 13.62111, 6.06627]},
			"faces": {
				"north": {"uv": [0, 0, 2.5, 8.125], "texture": "#6"},
				"east": {"uv": [0, 0, 2.5, 8.125], "texture": "#6"},
				"south": {"uv": [0, 0, 2.5, 8.125], "texture": "#6"},
				"west": {"uv": [0, 0, 2.5, 8.125], "texture": "#6"},
				"up": {"uv": [0, 0, 2.5, 8.125], "texture": "#6"},
				"down": {"uv": [0, 0, 2.5, 8.125], "texture": "#6"}
			}
		},
		{
			"from": [9.13417, 8.98633, 2.82266],
			"to": [9.58917, 9.16133, 3.03266],
			"rotation": {"angle": 0, "axis": "y", "origin": [10.5201, 13.62111, 6.06627]},
			"faces": {
				"north": {"uv": [0, 0, 2.5, 8.125], "texture": "#6"},
				"east": {"uv": [0, 0, 2.5, 8.125], "texture": "#6"},
				"south": {"uv": [0, 0, 2.5, 8.125], "texture": "#6"},
				"west": {"uv": [0, 0, 2.5, 8.125], "texture": "#6"},
				"up": {"uv": [0, 0, 2.5, 8.125], "texture": "#6"},
				"down": {"uv": [0, 0, 2.5, 8.125], "texture": "#6"}
			}
		},
		{
			"from": [11.47917, 8.98633, 2.82266],
			"to": [11.93417, 9.16133, 3.03266],
			"rotation": {"angle": 0, "axis": "y", "origin": [10.5201, 13.62111, 6.06627]},
			"faces": {
				"north": {"uv": [0, 0, 2.5, 8.125], "texture": "#6"},
				"east": {"uv": [0, 0, 2.5, 8.125], "texture": "#6"},
				"south": {"uv": [0, 0, 2.5, 8.125], "texture": "#6"},
				"west": {"uv": [0, 0, 2.5, 8.125], "texture": "#6"},
				"up": {"uv": [0, 0, 2.5, 8.125], "texture": "#6"},
				"down": {"uv": [0, 0, 2.5, 8.125], "texture": "#6"}
			}
		},
		{
			"from": [10.95417, 8.98633, 3.03266],
			"to": [11.93417, 9.16133, 3.24266],
			"rotation": {"angle": 0, "axis": "y", "origin": [10.5201, 13.62111, 6.06627]},
			"faces": {
				"north": {"uv": [0, 0, 2.5, 8.125], "texture": "#6"},
				"east": {"uv": [0, 0, 2.5, 8.125], "texture": "#6"},
				"south": {"uv": [0, 0, 2.5, 8.125], "texture": "#6"},
				"west": {"uv": [0, 0, 2.5, 8.125], "texture": "#6"},
				"up": {"uv": [0, 0, 2.5, 8.125], "texture": "#6"},
				"down": {"uv": [0, 0, 2.5, 8.125], "texture": "#6"}
			}
		},
		{
			"from": [10.95417, 8.98633, 8.91266],
			"to": [11.93417, 9.16133, 9.12266],
			"rotation": {"angle": 0, "axis": "y", "origin": [10.5201, 13.62111, 6.06627]},
			"faces": {
				"north": {"uv": [0, 0, 2.5, 8.125], "texture": "#6"},
				"east": {"uv": [0, 0, 2.5, 8.125], "texture": "#6"},
				"south": {"uv": [0, 0, 2.5, 8.125], "texture": "#6"},
				"west": {"uv": [0, 0, 2.5, 8.125], "texture": "#6"},
				"up": {"uv": [0, 0, 2.5, 8.125], "texture": "#6"},
				"down": {"uv": [0, 0, 2.5, 8.125], "texture": "#6"}
			}
		},
		{
			"from": [11.47917, 8.98633, 9.12266],
			"to": [11.93417, 9.16133, 9.33266],
			"rotation": {"angle": 0, "axis": "y", "origin": [10.5201, 13.62111, 6.06627]},
			"faces": {
				"north": {"uv": [0, 0, 2.5, 8.125], "texture": "#6"},
				"east": {"uv": [0, 0, 2.5, 8.125], "texture": "#6"},
				"south": {"uv": [0, 0, 2.5, 8.125], "texture": "#6"},
				"west": {"uv": [0, 0, 2.5, 8.125], "texture": "#6"},
				"up": {"uv": [0, 0, 2.5, 8.125], "texture": "#6"},
				"down": {"uv": [0, 0, 2.5, 8.125], "texture": "#6"}
			}
		},
		{
			"from": [9.13417, 8.98633, 8.91266],
			"to": [10.11417, 9.16133, 9.12266],
			"rotation": {"angle": 0, "axis": "y", "origin": [10.5201, 13.62111, 6.06627]},
			"faces": {
				"north": {"uv": [0, 0, 2.5, 8.125], "texture": "#6"},
				"east": {"uv": [0, 0, 2.5, 8.125], "texture": "#6"},
				"south": {"uv": [0, 0, 2.5, 8.125], "texture": "#6"},
				"west": {"uv": [0, 0, 2.5, 8.125], "texture": "#6"},
				"up": {"uv": [0, 0, 2.5, 8.125], "texture": "#6"},
				"down": {"uv": [0, 0, 2.5, 8.125], "texture": "#6"}
			}
		},
		{
			"from": [9.13417, 8.98633, 9.12266],
			"to": [9.58917, 9.16133, 9.33266],
			"rotation": {"angle": 0, "axis": "y", "origin": [10.5201, 13.62111, 6.06627]},
			"faces": {
				"north": {"uv": [0, 0, 2.5, 8.125], "texture": "#6"},
				"east": {"uv": [0, 0, 2.5, 8.125], "texture": "#6"},
				"south": {"uv": [0, 0, 2.5, 8.125], "texture": "#6"},
				"west": {"uv": [0, 0, 2.5, 8.125], "texture": "#6"},
				"up": {"uv": [0, 0, 2.5, 8.125], "texture": "#6"},
				"down": {"uv": [0, 0, 2.5, 8.125], "texture": "#6"}
			}
		},
		{
			"from": [12.21417, 15.28633, 4.01266],
			"to": [12.42417, 15.98633, 4.22266],
			"rotation": {"angle": 0, "axis": "y", "origin": [10.5201, 13.62111, 6.06627]},
			"faces": {
				"north": {"uv": [0, 0, 0.5, 4.5], "texture": "#7"},
				"east": {"uv": [0, 0, 0.5, 4.5], "texture": "#7"},
				"south": {"uv": [0, 0, 0.5, 4.5], "texture": "#7"},
				"west": {"uv": [0, 0, 0.5, 4.5], "texture": "#7"},
				"up": {"uv": [0, 0, 0.0625, 0.625], "rotation": 180, "texture": "#missing"},
				"down": {"uv": [0, 0, 0.0625, 0.625], "rotation": 180, "texture": "#missing"}
			}
		},
		{
			"from": [12.21417, 15.02041, 3.26385],
			"to": [12.42417, 15.54541, 3.47385],
			"rotation": {"angle": 22.5, "axis": "x", "origin": [10.5201, 13.62111, 6.06627]},
			"faces": {
				"north": {"uv": [0, 0, 0.5, 4.5], "texture": "#7"},
				"east": {"uv": [0, 0, 0.5, 4.5], "texture": "#7"},
				"south": {"uv": [0, 0, 0.5, 4.5], "texture": "#7"},
				"west": {"uv": [0, 0, 0.5, 4.5], "texture": "#7"},
				"up": {"uv": [0, 0, 0.0625, 0.625], "rotation": 180, "texture": "#missing"},
				"down": {"uv": [0, 0, 0.0625, 0.625], "rotation": 180, "texture": "#missing"}
			}
		},
		{
			"from": [12.21417, 14.32649, 2.74077],
			"to": [12.42417, 15.02649, 2.95077],
			"rotation": {"angle": 45, "axis": "x", "origin": [10.5201, 13.62111, 6.06627]},
			"faces": {
				"north": {"uv": [0, 0, 0.5, 4.5], "texture": "#7"},
				"east": {"uv": [0, 0, 0.5, 4.5], "texture": "#7"},
				"south": {"uv": [0, 0, 0.5, 4.5], "texture": "#7"},
				"west": {"uv": [0, 0, 0.5, 4.5], "texture": "#7"},
				"up": {"uv": [0, 0, 0.0625, 0.625], "rotation": 180, "texture": "#missing"},
				"down": {"uv": [0, 0, 1.25, 1.125], "rotation": 90, "texture": "#missing"}
			}
		},
		{
			"from": [12.21417, 17.02128, 6.09206],
			"to": [12.42417, 17.23128, 6.79206],
			"rotation": {"angle": -22.5, "axis": "x", "origin": [10.5201, 13.62111, 6.06627]},
			"faces": {
				"north": {"uv": [0, 0, 1.25, 1.125], "rotation": 270, "texture": "#missing"},
				"east": {"uv": [0, 0, 0.5, 4.5], "rotation": 90, "texture": "#7"},
				"south": {"uv": [0, 0, 0.0625, 0.625], "rotation": 180, "texture": "#missing"},
				"west": {"uv": [0, 0, 0.5, 4.5], "rotation": 270, "texture": "#7"},
				"up": {"uv": [0, 0, 0.5, 4.5], "texture": "#7"},
				"down": {"uv": [0, 0, 0.5, 4.5], "rotation": 180, "texture": "#7"}
			}
		},
		{
			"from": [12.21417, 17.02422, 5.35456],
			"to": [12.42417, 17.23422, 7.01006],
			"rotation": {"angle": 0, "axis": "y", "origin": [10.5201, 13.62111, 6.06627]},
			"faces": {
				"north": {"uv": [0, 0, 1.25, 1.125], "rotation": 270, "texture": "#missing"},
				"east": {"uv": [0, 0, 0.5, 4.5], "rotation": 90, "texture": "#7"},
				"south": {"uv": [0, 0, 0.0625, 0.625], "rotation": 180, "texture": "#missing"},
				"west": {"uv": [0, 0, 0.5, 4.5], "rotation": 270, "texture": "#7"},
				"up": {"uv": [0, 0, 0.5, 4.5], "texture": "#7"},
				"down": {"uv": [0, 0, 0.5, 4.5], "texture": "#7"}
			}
		},
		{
			"from": [12.21417, 17.11036, 5.55554],
			"to": [12.42417, 17.32036, 6.25554],
			"rotation": {"angle": 22.5, "axis": "x", "origin": [10.5201, 13.62111, 6.06627]},
			"faces": {
				"north": {"uv": [0, 0, 1.25, 1.125], "rotation": 270, "texture": "#missing"},
				"east": {"uv": [0, 0, 0.5, 4.5], "rotation": 90, "texture": "#7"},
				"south": {"uv": [0, 0, 0.0625, 0.625], "rotation": 180, "texture": "#missing"},
				"west": {"uv": [0, 0, 0.5, 4.5], "rotation": 270, "texture": "#7"},
				"up": {"uv": [0, 0, 0.5, 4.5], "texture": "#7"},
				"down": {"uv": [0, 0, 0.5, 4.5], "texture": "#7"}
			}
		},
		{
			"from": [12.21417, 14.16189, 9.34637],
			"to": [12.42417, 14.86189, 9.55637],
			"rotation": {"angle": -45, "axis": "x", "origin": [10.5201, 13.62111, 6.06627]},
			"faces": {
				"north": {"uv": [0, 0, 0.5, 4.5], "texture": "#7"},
				"east": {"uv": [0, 0, 0.5, 4.5], "texture": "#7"},
				"south": {"uv": [0, 0, 0.5, 4.5], "texture": "#7"},
				"west": {"uv": [0, 0, 0.5, 4.5], "texture": "#7"},
				"up": {"uv": [0, 0, 0.0625, 0.625], "rotation": 180, "texture": "#missing"},
				"down": {"uv": [0, 0, 0.0625, 0.625], "rotation": 180, "texture": "#missing"}
			}
		},
		{
			"from": [12.21417, 14.93133, 8.87375],
			"to": [12.42417, 15.45633, 9.08375],
			"rotation": {"angle": -22.5, "axis": "x", "origin": [10.5201, 13.62111, 6.06627]},
			"faces": {
				"north": {"uv": [0, 0, 0.5, 4.5], "texture": "#7"},
				"east": {"uv": [0, 0, 0.5, 4.5], "texture": "#7"},
				"south": {"uv": [0, 0, 0.5, 4.5], "texture": "#7"},
				"west": {"uv": [0, 0, 0.5, 4.5], "texture": "#7"},
				"up": {"uv": [0, 0, 0.0625, 0.625], "rotation": 180, "texture": "#missing"},
				"down": {"uv": [0, 0, 0.0625, 0.625], "rotation": 180, "texture": "#missing"}
			}
		},
		{
			"from": [12.21417, 15.28633, 8.14266],
			"to": [12.42417, 15.98633, 8.35266],
			"rotation": {"angle": 0, "axis": "y", "origin": [10.5201, 13.62111, 6.06627]},
			"faces": {
				"north": {"uv": [0, 0, 0.5, 4.5], "texture": "#7"},
				"east": {"uv": [0, 0, 0.5, 4.5], "texture": "#7"},
				"south": {"uv": [0, 0, 0.5, 4.5], "texture": "#7"},
				"west": {"uv": [0, 0, 0.5, 4.5], "texture": "#7"},
				"up": {"uv": [0, 0, 0.0625, 0.625], "rotation": 180, "texture": "#missing"},
				"down": {"uv": [0, 0, 0.0625, 0.625], "rotation": 180, "texture": "#missing"}
			}
		},
		{
			"from": [10.85679, 18.5, 6.39879],
			"to": [12.17679, 18.80024, 9.92679],
			"rotation": {"angle": 0, "axis": "y", "origin": [11.75082, 20.32911, 7.98693]},
			"faces": {
				"north": {"uv": [6, 4.75, 7.25, 5], "texture": "#9"},
				"east": {"uv": [6, 4.75, 7.25, 5], "texture": "#9"},
				"south": {"uv": [6, 4.75, 7.25, 5], "texture": "#9"},
				"west": {"uv": [6, 4.75, 7.25, 5], "texture": "#9"},
				"up": {"uv": [3.5, 1.75, 4.75, 5.5], "texture": "#9"},
				"down": {"uv": [2.375, 2.75, 3, 0.875], "texture": "#missing"}
			}
		},
		{
			"from": [10.68033, 18.5, 6.22782],
			"to": [12.24033, 18.8, 9.65982],
			"rotation": {"angle": 45, "axis": "y", "origin": [11.75082, 20.32911, 7.98693]},
			"faces": {
				"north": {"uv": [6, 4.75, 7.25, 5], "texture": "#9"},
				"east": {"uv": [6, 4.75, 7.25, 5], "texture": "#9"},
				"south": {"uv": [6, 4.75, 7.25, 5], "texture": "#9"},
				"west": {"uv": [6, 4.75, 7.25, 5], "texture": "#9"},
				"up": {"uv": [0, 0, 1.75, 3.5], "texture": "#9"},
				"down": {"uv": [0.875, 1.75, 1.75, 0], "texture": "#missing"}
			}
		},
		{
			"from": [9.75187, 18.5, 7.5037],
			"to": [13.27987, 18.79976, 8.8237],
			"rotation": {"angle": 0, "axis": "y", "origin": [11.75082, 20.32911, 7.98693]},
			"faces": {
				"north": {"uv": [6, 4.75, 7.25, 5], "texture": "#9"},
				"east": {"uv": [6, 4.75, 7.25, 5], "texture": "#9"},
				"south": {"uv": [6, 4.75, 7.25, 5], "texture": "#9"},
				"west": {"uv": [6, 4.75, 7.25, 5], "texture": "#9"},
				"up": {"uv": [0, 5.5, 3.75, 6.75], "texture": "#9"},
				"down": {"uv": [1.875, 3.375, 3.75, 2.75], "texture": "#missing"}
			}
		},
		{
			"from": [9.74695, 18.5, 7.16643],
			"to": [13.17895, 18.80048, 8.72643],
			"rotation": {"angle": 45, "axis": "y", "origin": [11.75082, 20.32911, 7.98693]},
			"faces": {
				"north": {"uv": [6, 4.75, 7.25, 5], "texture": "#9"},
				"east": {"uv": [6, 4.75, 7.25, 5], "texture": "#9"},
				"south": {"uv": [6, 4.75, 7.25, 5], "texture": "#9"},
				"west": {"uv": [6, 4.75, 7.25, 5], "texture": "#9"},
				"up": {"uv": [0, 3.5, 3.5, 5.25], "texture": "#9"},
				"down": {"uv": [1.75, 0.875, 3.5, 0], "texture": "#missing"}
			}
		},
		{
			"from": [7.54705, 18.50024, 3.65437],
			"to": [8.86705, 18.80048, 7.18237],
			"rotation": {"angle": 0, "axis": "y", "origin": [8.44108, 20.32935, 5.2425]},
			"faces": {
				"north": {"uv": [6, 4.75, 7.25, 5], "texture": "#9"},
				"east": {"uv": [6, 4.75, 7.25, 5], "texture": "#9"},
				"south": {"uv": [6, 4.75, 7.25, 5], "texture": "#9"},
				"west": {"uv": [6, 4.75, 7.25, 5], "texture": "#9"},
				"up": {"uv": [3.5, 1.75, 4.75, 5.5], "texture": "#9"},
				"down": {"uv": [2.375, 2.75, 3, 0.875], "texture": "#missing"}
			}
		},
		{
			"from": [7.37059, 18.50024, 3.4834],
			"to": [8.93059, 18.80024, 6.9154],
			"rotation": {"angle": 45, "axis": "y", "origin": [8.44108, 20.32935, 5.2425]},
			"faces": {
				"north": {"uv": [6, 4.75, 7.25, 5], "texture": "#9"},
				"east": {"uv": [6, 4.75, 7.25, 5], "texture": "#9"},
				"south": {"uv": [6, 4.75, 7.25, 5], "texture": "#9"},
				"west": {"uv": [6, 4.75, 7.25, 5], "texture": "#9"},
				"up": {"uv": [0, 0, 1.75, 3.5], "texture": "#9"},
				"down": {"uv": [0.875, 1.75, 1.75, 0], "texture": "#missing"}
			}
		},
		{
			"from": [6.43721, 18.50024, 4.42201],
			"to": [9.86921, 18.80072, 5.98201],
			"rotation": {"angle": 45, "axis": "y", "origin": [8.44108, 20.32935, 5.2425]},
			"faces": {
				"north": {"uv": [6, 4.75, 7.25, 5], "texture": "#9"},
				"east": {"uv": [6, 4.75, 7.25, 5], "texture": "#9"},
				"south": {"uv": [6, 4.75, 7.25, 5], "texture": "#9"},
				"west": {"uv": [6, 4.75, 7.25, 5], "texture": "#9"},
				"up": {"uv": [0, 3.5, 3.5, 5.25], "texture": "#9"},
				"down": {"uv": [1.75, 0.875, 3.5, 0], "texture": "#missing"}
			}
		},
		{
			"from": [6.44213, 18.50024, 4.75928],
			"to": [9.97013, 18.8, 6.07928],
			"rotation": {"angle": 0, "axis": "y", "origin": [8.44108, 20.32935, 5.2425]},
			"faces": {
				"north": {"uv": [6, 4.75, 7.25, 5], "texture": "#9"},
				"east": {"uv": [6, 4.75, 7.25, 5], "texture": "#9"},
				"south": {"uv": [6, 4.75, 7.25, 5], "texture": "#9"},
				"west": {"uv": [6, 4.75, 7.25, 5], "texture": "#9"},
				"up": {"uv": [0, 5.5, 3.75, 6.75], "texture": "#9"},
				"down": {"uv": [1.875, 3.375, 3.75, 2.75], "texture": "#missing"}
			}
		},
		{
			"from": [10.73278, 18.8, 7.61667],
			"to": [11.45278, 19.16, 8.57667],
			"rotation": {"angle": 0, "axis": "y", "origin": [11.75082, 20.32911, 7.98693]},
			"faces": {
				"north": {"uv": [4, 7.25, 2.5, 8], "texture": "#10"},
				"east": {"uv": [1.5, 7.25, 0, 8], "texture": "#10"},
				"south": {"uv": [1.25, 7.25, 1.75, 8], "texture": "#10"},
				"west": {"uv": [0, 7.25, 1.5, 8], "texture": "#10"},
				"up": {"uv": [1.25, 7.5, 0.5, 7.25], "texture": "#10"},
				"down": {"uv": [0.375, 0.5, 0, 0], "texture": "#missing"}
			}
		},
		{
			"from": [10.73278, 19.16, 7.91667],
			"to": [11.45278, 20, 8.57667],
			"rotation": {"angle": 0, "axis": "y", "origin": [11.75082, 20.32911, 7.98693]},
			"faces": {
				"north": {"uv": [6, 13, 6.5, 15], "texture": "#10"},
				"east": {"uv": [6, 13, 6.5, 15], "texture": "#10"},
				"south": {"uv": [7.25, 13, 7.75, 15], "texture": "#10"},
				"west": {"uv": [6.5, 13, 7, 15], "texture": "#10"},
				"up": {"uv": [0.375, 0.34375, 0, 0], "texture": "#missing"},
				"down": {"uv": [0.375, 0.34375, 0, 0], "texture": "#missing"}
			}
		},
		{
			"from": [10.38478, 19.9817, 7.8057],
			"to": [12.54478, 21.7817, 8.7057],
			"rotation": {"angle": 0, "axis": "y", "origin": [11.75082, 20.32911, 7.98693]},
			"faces": {
				"north": {"uv": [4.75, 5.25, 7.25, 7.75], "texture": "#10"},
				"east": {"uv": [4, 5.25, 5, 7.75], "texture": "#10"},
				"south": {"uv": [8, 5.5, 10, 8], "texture": "#10"},
				"west": {"uv": [4, 5.25, 5, 7.75], "texture": "#10"},
				"up": {"uv": [7, 5, 5, 4], "texture": "#10"},
				"down": {"uv": [9, 5, 7, 4], "texture": "#10"}
			}
		},
		{
			"from": [10.50478, 21.7817, 7.5057],
			"to": [12.42478, 23.5817, 9.0657],
			"rotation": {"angle": 0, "axis": "y", "origin": [11.75082, 20.32911, 7.98693]},
			"faces": {
				"north": {"uv": [2, 2, 4, 4], "texture": "#10"},
				"east": {"uv": [0, 2, 2, 4], "texture": "#10"},
				"south": {"uv": [6, 2, 8, 4], "texture": "#10"},
				"west": {"uv": [4, 2, 6, 4], "texture": "#10"},
				"up": {"uv": [2, 0, 4, 2], "texture": "#10"},
				"down": {"uv": [4, 0, 6, 2], "texture": "#10"}
			}
		},
		{
			"from": [9.90478, 20.46616, 8.23985],
			"to": [10.38478, 21.12616, 9.31985],
			"rotation": {"angle": -45, "axis": "x", "origin": [11.75082, 20.32911, 7.98693]},
			"faces": {
				"north": {"uv": [0, 0, 0.25, 0.34375], "texture": "#missing"},
				"east": {"uv": [11, 5, 12, 7.5], "rotation": 90, "texture": "#10"},
				"south": {"uv": [11, 5, 11.75, 4], "texture": "#10"},
				"west": {"uv": [11, 5, 12, 7.5], "rotation": 90, "texture": "#10"},
				"up": {"uv": [11, 5, 12, 7.5], "rotation": 180, "texture": "#10"},
				"down": {"uv": [11, 5, 12, 7.5], "rotation": 180, "texture": "#10"}
			}
		},
		{
			"from": [9.90502, 20.60486, 6.98887],
			"to": [10.38454, 21.26486, 8.06887],
			"rotation": {"angle": 0, "axis": "y", "origin": [11.75082, 20.32911, 7.98693]},
			"faces": {
				"north": {"uv": [12, 4, 12.75, 5], "texture": "#10"},
				"east": {"uv": [10, 5.75, 11, 8], "rotation": 270, "texture": "#10"},
				"south": {"uv": [0, 0, 0.25, 0.34375], "rotation": 180, "texture": "#missing"},
				"west": {"uv": [10, 5.75, 11, 8], "rotation": 90, "texture": "#10"},
				"up": {"uv": [10, 5.75, 11, 8], "rotation": 180, "texture": "#10"},
				"down": {"uv": [11, 5.75, 10, 8], "texture": "#10"}
			}
		},
		{
			"from": [12.54478, 20.7017, 7.9257],
			"to": [13.02478, 21.7817, 8.5857],
			"rotation": {"angle": 0, "axis": "y", "origin": [11.75082, 20.32911, 7.98693]},
			"faces": {
				"north": {"uv": [11, 5, 12, 7.5], "rotation": 180, "texture": "#10"},
				"east": {"uv": [11, 5, 12, 7.5], "rotation": 180, "texture": "#10"},
				"south": {"uv": [11, 5, 12, 7.5], "rotation": 180, "texture": "#10"},
				"west": {"uv": [11, 5, 12, 7.5], "rotation": 180, "texture": "#10"},
				"up": {"uv": [11.75, 5, 11, 4], "texture": "#10"},
				"down": {"uv": [0.25, 0.34375, 0, 0], "texture": "#missing"}
			}
		},
		{
			"from": [12.54502, 19.93597, 7.48686],
			"to": [13.02454, 21.01597, 8.14686],
			"rotation": {"angle": 45, "axis": "x", "origin": [11.75082, 20.32911, 7.98693]},
			"faces": {
				"north": {"uv": [10, 5.75, 11, 8], "texture": "#10"},
				"east": {"uv": [10, 5.75, 11, 8], "texture": "#10"},
				"south": {"uv": [10, 5.75, 11, 8], "texture": "#10"},
				"west": {"uv": [10, 5.75, 11, 8], "texture": "#10"},
				"up": {"uv": [0.25, 0.34375, 0, 0], "texture": "#missing"},
				"down": {"uv": [12, 5, 12.75, 4], "texture": "#10"}
			}
		},
		{
			"from": [11.57278, 19.16, 7.91667],
			"to": [12.29278, 20, 8.57667],
			"rotation": {"angle": 0, "axis": "y", "origin": [11.75082, 20.32911, 7.98693]},
			"faces": {
				"north": {"uv": [6.5, 13, 6, 15], "texture": "#10"},
				"east": {"uv": [7, 13, 6.5, 15], "texture": "#10"},
				"south": {"uv": [7.25, 13, 7.75, 15], "texture": "#10"},
				"west": {"uv": [6, 13, 6.5, 15], "texture": "#10"},
				"up": {"uv": [0.375, 0.34375, 0, 0], "texture": "#missing"},
				"down": {"uv": [0.375, 0.34375, 0, 0], "texture": "#missing"}
			}
		},
		{
			"from": [11.57278, 18.8, 7.61667],
			"to": [12.29278, 19.16, 8.57667],
			"rotation": {"angle": 0, "axis": "y", "origin": [11.75082, 20.32911, 7.98693]},
			"faces": {
				"north": {"uv": [2.5, 7.25, 4, 8], "texture": "#10"},
				"east": {"uv": [1.5, 7.25, 0, 8], "texture": "#10"},
				"south": {"uv": [1.25, 7.25, 1.75, 8], "texture": "#10"},
				"west": {"uv": [0, 7.25, 1.5, 8], "texture": "#10"},
				"up": {"uv": [0.5, 7.5, 1.25, 7.25], "texture": "#10"},
				"down": {"uv": [0.375, 0.5, 0, 0], "texture": "#missing"}
			}
		},
		{
			"from": [10.43278, 21.74, 7.95167],
			"to": [12.47278, 23.6, 9.13167],
			"rotation": {"angle": 0, "axis": "y", "origin": [11.75082, 20.32911, 7.98693]},
			"faces": {
				"north": {"uv": [12.5, 2.5, 12.75, 2.75], "texture": "#10"},
				"east": {"uv": [8, 4, 9.5, 2], "texture": "#10"},
				"south": {"uv": [14, 4, 16, 2], "texture": "#10"},
				"west": {"uv": [12.5, 4, 14, 2], "texture": "#10"},
				"up": {"uv": [10, 1.5, 12, 0], "texture": "#10"},
				"down": {"uv": [12, 0, 14, 1.5], "texture": "#10"}
			}
		},
		{
			"from": [12.85922, 18.50024, 8.22865],
			"to": [13.09922, 20.90024, 8.46865],
			"rotation": {"angle": 45, "axis": "y", "origin": [11.75082, 20.32911, 7.98693]},
			"faces": {
				"north": {"uv": [1.5, 0, 3, 16], "texture": "#11"},
				"east": {"uv": [1.5, 0, 3, 16], "texture": "#11"},
				"south": {"uv": [1.5, 0, 3, 16], "texture": "#11"},
				"west": {"uv": [1.5, 0, 3, 16], "texture": "#11"},
				"up": {"uv": [1.5, 0.75, 0.75, 0], "texture": "#missing"},
				"down": {"uv": [1.5, 0.75, 0.75, 0], "texture": "#missing"}
			}
		},
		{
			"from": [12.85922, 20.90024, 8.22865],
			"to": [13.09922, 23.30024, 8.46865],
			"rotation": {"angle": 45, "axis": "y", "origin": [11.75082, 20.32911, 7.98693]},
			"faces": {
				"north": {"uv": [1.5, 0, 3, 16], "texture": "#11"},
				"east": {"uv": [1.5, 0, 3, 16], "texture": "#11"},
				"south": {"uv": [1.5, 0, 3, 16], "texture": "#11"},
				"west": {"uv": [1.5, 0, 3, 16], "texture": "#11"},
				"up": {"uv": [3, 1.5, 1.5, 0], "texture": "#11"},
				"down": {"uv": [1.5, 0.75, 0.75, 0], "texture": "#missing"}
			}
		},
		{
			"from": [12.10402, 21.38, 4.19],
			"to": [12.16402, 23.06, 6.87],
			"rotation": {"angle": -45, "axis": "y", "origin": [11.75082, 20.32911, 7.98693]},
			"faces": {
				"north": {"uv": [0, 0, 0.21622, 11.67568], "texture": "#12"},
				"east": {"uv": [0, 0, 15.56757, 11.67568], "texture": "#12"},
				"south": {"uv": [7.78379, 0, 7.89189, 5.83784], "texture": "#missing"},
				"west": {"uv": [0.43243, 0, 16, 11.67568], "texture": "#12"},
				"up": {"uv": [0, 0, 0.21622, 11.67568], "texture": "#12"},
				"down": {"uv": [0, 0, 0.21622, 11.67568], "texture": "#12"}
			}
		},
		{
			"from": [10.68278, 23.1, 7.45167],
			"to": [12.18278, 23.6, 7.45167],
			"rotation": {"angle": 0, "axis": "y", "origin": [-1.56722, -1.15, 1.45167]},
			"faces": {
				"north": {"uv": [10.25, 2, 11.75, 2.5], "texture": "#10"},
				"east": {"uv": [0, 0, 0, 0.0625], "texture": "#missing"},
				"south": {"uv": [0, 0, 0.1875, 0.0625], "texture": "#missing"},
				"west": {"uv": [0, 0, 0, 0.0625], "texture": "#missing"},
				"up": {"uv": [0, 0, 0.1875, 0], "texture": "#missing"},
				"down": {"uv": [0, 0, 0.1875, 0], "texture": "#missing"}
			}
		},
		{
			"from": [10.68278, 23.599, 7.45267],
			"to": [12.18278, 23.599, 7.70267],
			"rotation": {"angle": 0, "axis": "y", "origin": [11.43278, 23.099, 7.70267]},
			"faces": {
				"north": {"uv": [0, 0, 0.1875, 0], "rotation": 180, "texture": "#missing"},
				"east": {"uv": [0, 0, 0, 0.0625], "rotation": 270, "texture": "#missing"},
				"south": {"uv": [0, 0, 0.1875, 0], "texture": "#missing"},
				"west": {"uv": [0, 0, 0, 0.0625], "rotation": 90, "texture": "#missing"},
				"up": {"uv": [10.25, 1.75, 11.75, 2], "rotation": 180, "texture": "#10"},
				"down": {"uv": [0, 0, 0.1875, 0.0625], "texture": "#missing"}
			}
		},
		{
			"from": [10.93278, 23.599, 7.70267],
			"to": [11.93278, 23.599, 7.95267],
			"rotation": {"angle": 0, "axis": "y", "origin": [11.43278, 23.099, 7.70267]},
			"faces": {
				"north": {"uv": [0, 0, 0.1875, 0], "rotation": 180, "texture": "#missing"},
				"east": {"uv": [0, 0, 0, 0.0625], "rotation": 270, "texture": "#missing"},
				"south": {"uv": [0, 0, 0.1875, 0], "texture": "#missing"},
				"west": {"uv": [0, 0, 0, 0.0625], "rotation": 90, "texture": "#missing"},
				"up": {"uv": [10.5, 1.5, 11.5, 1.75], "rotation": 180, "texture": "#10"},
				"down": {"uv": [0, 0, 0.1875, 0.0625], "texture": "#missing"}
			}
		},
		{
			"from": [11.68278, 22.7, 7.45167],
			"to": [12.43278, 23.1, 7.45167],
			"rotation": {"angle": 0, "axis": "y", "origin": [-1.56722, -1.05, 1.45167]},
			"faces": {
				"north": {"uv": [10, 2.5, 10.75, 3], "texture": "#10"},
				"east": {"uv": [0, 0, 0, 0.08125], "texture": "#missing"},
				"south": {"uv": [0, 0, 0.09375, 0.08125], "texture": "#missing"},
				"west": {"uv": [0, 0, 0, 0.08125], "texture": "#missing"},
				"up": {"uv": [0, 0, 0.09375, 0], "texture": "#missing"},
				"down": {"uv": [0, 0, 0.09375, 0], "texture": "#missing"}
			}
		},
		{
			"from": [11.43278, 22.85, 7.45167],
			"to": [11.68278, 23.1, 7.45167],
			"rotation": {"angle": 0, "axis": "y", "origin": [-2.31722, -0.15, 1.45167]},
			"faces": {
				"north": {"uv": [10.75, 2.5, 11, 2.75], "texture": "#10"},
				"east": {"uv": [0, 0, 0, 0.03125], "texture": "#missing"},
				"south": {"uv": [0, 0, 0.03125, 0.03125], "texture": "#missing"},
				"west": {"uv": [0, 0, 0, 0.03125], "texture": "#missing"},
				"up": {"uv": [0, 0, 0.03125, 0], "texture": "#missing"},
				"down": {"uv": [0, 0, 0.03125, 0], "texture": "#missing"}
			}
		},
		{
			"from": [12.18278, 23.1, 7.45167],
			"to": [12.43278, 23.35, 7.45167],
			"rotation": {"angle": 0, "axis": "y", "origin": [-2.31722, -0.15, 1.45167]},
			"faces": {
				"north": {"uv": [10, 2.25, 10.25, 2.5], "texture": "#10"},
				"east": {"uv": [0, 0, 0, 0.03125], "texture": "#missing"},
				"south": {"uv": [0, 0, 0.03125, 0.03125], "texture": "#missing"},
				"west": {"uv": [0, 0, 0, 0.03125], "texture": "#missing"},
				"up": {"uv": [0, 0, 0.03125, 0], "texture": "#missing"},
				"down": {"uv": [0, 0, 0.03125, 0], "texture": "#missing"}
			}
		},
		{
			"from": [10.93278, 22.85, 7.45167],
			"to": [11.18278, 23.1, 7.45167],
			"rotation": {"angle": 0, "axis": "y", "origin": [-2.31722, -0.15, 1.45167]},
			"faces": {
				"north": {"uv": [11.25, 2.5, 11.5, 2.75], "texture": "#10"},
				"east": {"uv": [0, 0, 0, 0.03125], "texture": "#missing"},
				"south": {"uv": [0, 0, 0.03125, 0.03125], "texture": "#missing"},
				"west": {"uv": [0, 0, 0, 0.03125], "texture": "#missing"},
				"up": {"uv": [0, 0, 0.03125, 0], "texture": "#missing"},
				"down": {"uv": [0, 0, 0.03125, 0], "texture": "#missing"}
			}
		},
		{
			"from": [8.26735, 18.8, 4.87037],
			"to": [8.98735, 19.16, 5.83037],
			"rotation": {"angle": 0, "axis": "y", "origin": [6.52735, 21.68, 7.27037]},
			"faces": {
				"north": {"uv": [0, 7.25, 0.75, 7.75], "texture": "#13"},
				"east": {"uv": [0, 7.25, 1, 7.75], "texture": "#13"},
				"south": {"uv": [0.75, 7.25, 0, 7.75], "texture": "#13"},
				"west": {"uv": [1, 7.25, 0, 7.75], "texture": "#13"},
				"up": {"uv": [1, 8, 0, 7.25], "rotation": 90, "texture": "#13"},
				"down": {"uv": [0, 0.5, 0.375, 0], "texture": "#missing"}
			}
		},
		{
			"from": [8.26735, 19.16, 5.17037],
			"to": [8.98735, 20, 5.83037],
			"rotation": {"angle": 0, "axis": "y", "origin": [6.52735, 21.68, 7.27037]},
			"faces": {
				"north": {"uv": [1.5, 5, 0.5, 7.25], "texture": "#13"},
				"east": {"uv": [1.5, 5, 0.5, 7.25], "texture": "#13"},
				"south": {"uv": [1.5, 5, 0.5, 7.25], "texture": "#13"},
				"west": {"uv": [1.5, 5, 0.5, 7.25], "texture": "#13"},
				"up": {"uv": [0, 0.34375, 0.375, 0], "texture": "#missing"},
				"down": {"uv": [0, 0.34375, 0.375, 0], "texture": "#missing"}
			}
		},
		{
			"from": [7.17535, 19.9817, 5.05941],
			"to": [9.33535, 21.7817, 5.95941],
			"rotation": {"angle": 0, "axis": "y", "origin": [6.45535, 20.5217, 7.27941]},
			"faces": {
				"north": {"uv": [5, 5.75, 7, 7.75], "texture": "#13"},
				"east": {"uv": [5, 5, 4, 8], "texture": "#13"},
				"south": {"uv": [10, 6, 8, 8], "texture": "#13"},
				"west": {"uv": [5, 5, 4, 8], "texture": "#13"},
				"up": {"uv": [7, 4, 5, 5], "texture": "#13"},
				"down": {"uv": [9, 4, 7, 5], "texture": "#13"}
			}
		},
		{
			"from": [7.29535, 21.7817, 4.75941],
			"to": [9.21535, 23.5817, 6.31941],
			"rotation": {"angle": 0, "axis": "y", "origin": [6.69535, 18.1217, 7.39941]},
			"faces": {
				"north": {"uv": [2, 2, 4, 4], "texture": "#13"},
				"east": {"uv": [0, 2, 2, 4], "texture": "#13"},
				"south": {"uv": [8, 2, 6, 4], "texture": "#13"},
				"west": {"uv": [4, 2, 6, 4], "texture": "#13"},
				"up": {"uv": [4, 0, 2, 2], "texture": "#13"},
				"down": {"uv": [6, 0, 4, 2], "texture": "#13"}
			}
		},
		{
			"from": [9.33535, 20.7017, 5.17941],
			"to": [9.81535, 21.7817, 5.83941],
			"rotation": {"angle": 0, "axis": "y", "origin": [6.45535, 20.5217, 7.27941]},
			"faces": {
				"north": {"uv": [1.5, 5, 0.5, 7.25], "texture": "#13"},
				"east": {"uv": [1.5, 5, 0.5, 7.25], "texture": "#13"},
				"south": {"uv": [1.5, 5, 0.5, 7.25], "texture": "#13"},
				"west": {"uv": [1.5, 5, 0.5, 7.25], "texture": "#13"},
				"up": {"uv": [1.5, 5, 0.5, 7.25], "texture": "#13"},
				"down": {"uv": [1.5, 5, 0.5, 7.25], "texture": "#13"}
			}
		},
		{
			"from": [9.33535, 20.01321, 4.89422],
			"to": [9.81535, 21.09321, 5.55422],
			"rotation": {"angle": 45, "axis": "x", "origin": [9.57535, 20.55321, 5.22422]},
			"faces": {
				"north": {"uv": [11, 5.75, 10, 8], "texture": "#13"},
				"east": {"uv": [11, 5.75, 10, 8], "texture": "#13"},
				"south": {"uv": [11, 5.75, 10, 8], "texture": "#13"},
				"west": {"uv": [11, 5.75, 10, 8], "texture": "#13"},
				"up": {"uv": [0, 0.34375, 0.25, 0], "texture": "#missing"},
				"down": {"uv": [11, 7.5, 10, 8], "texture": "#13"}
			}
		},
		{
			"from": [6.69535, 20.7017, 5.17941],
			"to": [7.17535, 21.7817, 5.83941],
			"rotation": {"angle": 0, "axis": "y", "origin": [3.81535, 20.5217, 7.27941]},
			"faces": {
				"north": {"uv": [1.5, 5, 0.5, 7.25], "texture": "#13"},
				"east": {"uv": [1.5, 5, 0.5, 7.25], "texture": "#13"},
				"south": {"uv": [1.5, 5, 0.5, 7.25], "texture": "#13"},
				"west": {"uv": [1.5, 5, 0.5, 7.25], "texture": "#13"},
				"up": {"uv": [1.5, 5, 0.5, 7.25], "texture": "#13"},
				"down": {"uv": [1.5, 5, 0.5, 7.25], "texture": "#13"}
			}
		},
		{
			"from": [6.69535, 20.01321, 4.89422],
			"to": [7.17535, 21.09321, 5.55422],
			"rotation": {"angle": 45, "axis": "x", "origin": [6.93535, 20.55321, 5.22422]},
			"faces": {
				"north": {"uv": [11, 5.75, 10, 8], "texture": "#13"},
				"east": {"uv": [11, 5.75, 10, 8], "texture": "#13"},
				"south": {"uv": [11, 5.75, 10, 8], "texture": "#13"},
				"west": {"uv": [11, 5.75, 10, 8], "texture": "#13"},
				"up": {"uv": [0, 0.34375, 0.25, 0], "texture": "#missing"},
				"down": {"uv": [11, 7.5, 10, 8], "texture": "#13"}
			}
		},
		{
			"from": [7.42735, 19.16, 5.17037],
			"to": [8.14735, 20, 5.83037],
			"rotation": {"angle": 0, "axis": "y", "origin": [6.52735, 21.68, 7.27037]},
			"faces": {
				"north": {"uv": [1.5, 5, 0.5, 7.25], "texture": "#13"},
				"east": {"uv": [1.5, 5, 0.5, 7.25], "texture": "#13"},
				"south": {"uv": [1.5, 5, 0.5, 7.25], "texture": "#13"},
				"west": {"uv": [1.5, 5, 0.5, 7.25], "texture": "#13"},
				"up": {"uv": [0, 0.34375, 0.375, 0], "texture": "#missing"},
				"down": {"uv": [0, 0.34375, 0.375, 0], "texture": "#missing"}
			}
		},
		{
			"from": [7.42735, 18.8, 4.87037],
			"to": [8.14735, 19.16, 5.83037],
			"rotation": {"angle": 0, "axis": "y", "origin": [6.52735, 21.68, 7.27037]},
			"faces": {
				"north": {"uv": [0.75, 7.25, 0, 7.75], "texture": "#13"},
				"east": {"uv": [0, 7.25, 1, 7.75], "texture": "#13"},
				"south": {"uv": [0, 7.25, 0.75, 7.75], "texture": "#13"},
				"west": {"uv": [1, 7.25, 0, 7.75], "texture": "#13"},
				"up": {"uv": [1, 7.25, 0, 8], "rotation": 90, "texture": "#13"},
				"down": {"uv": [0, 0.5, 0.375, 0], "texture": "#missing"}
			}
		},
		{
			"from": [7.29535, 19.3817, 6.13941],
			"to": [9.21535, 21.7817, 6.37941],
			"rotation": {"angle": -22.5, "axis": "x", "origin": [8.25535, 20.7017, 6.25941]},
			"faces": {
				"north": {"uv": [10.5, 0, 10.75, 2.25], "texture": "#9"},
				"east": {"uv": [10.5, 0, 10.75, 2.25], "texture": "#9"},
				"south": {"uv": [10.75, 0, 12.5, 2.5], "texture": "#9"},
				"west": {"uv": [10.5, 0, 10.75, 2.25], "texture": "#9"},
				"up": {"uv": [10.5, 0, 10.75, 2.25], "texture": "#9"},
				"down": {"uv": [10.5, 0, 10.75, 2.25], "texture": "#9"}
			}
		}
	],
	"groups": [
		{
			"name": "vanding",
			"origin": [0, 0, 0],
			"color": 0,
			"children": [0, 1, 2, 3, 4, 5, 6, 7, 8, 9, 10, 11, 12, 13, 14, 15, 16, 17, 18, 19, 20, 21, 22, 23, 24, 25, 26, 27, 28, 29, 30, 31, 32, 33, 34, 35, 36, 37, 38, 39, 40, 41, 42,
				{
					"name": "glass",
					"origin": [0, 0, 0],
					"color": 0,
					"children": [43, 44, 45, 46, 47, 48, 49, 50, 51, 52, 53, 54, 55, 56, 57, 58, 59, 60, 61, 62, 63, 64, 65, 66, 67, 68, 69, 70, 71, 72, 73, 74, 75]
				},
				{
					"name": "glass",
					"origin": [0, 0, 0],
					"color": 0,
					"children": [76, 77, 78, 79, 80, 81, 82, 83, 84, 85, 86, 87, 88, 89, 90, 91, 92, 93, 94, 95]
				}, 96, 97]
		},
		{
			"name": "group",
			"origin": [0, 0, 0],
			"color": 0,
			"children": [98, 99, 100, 101, 102, 103, 104, 105, 106, 107, 108, 109, 110, 111, 112, 113, 114, 115, 116, 117, 118, 119, 120, 121, 122, 123, 124, 125, 126, 127, 128, 129, 130, 131, 132, 133, 134, 135]
		},
		{
			"name": "funkopop",
			"origin": [8, 8, 8],
			"color": 0,
			"children": [
				{
					"name": "danny",
					"origin": [8, 8, 8],
					"color": 0,
					"children": [136, 137, 138, 139, 140, 141, 142, 143, 144, 145, 146, 147, 148, 149, 150, 151, 152, 153, 154, 155, 156, 157, 158, 159, 160, 161, 162, 163, 164]
				},
				{
					"name": "david",
					"origin": [8, 8, 8],
					"color": 0,
					"children": [165, 166, 167, 168, 169, 170, 171, 172, 173, 174, 175]
				}
			]
		}
	]
}