{
"__comment": "Designed by Timbayens by order of DusDavid (DusDavidGames)",
"textures": {
    "texture": "block/black_wool"
},
"elements": [
{
    "from": [ 0.5, 0, 0.5 ],
    "to": [ 1.5, 15.5, 15.5 ],
    "faces": {
        "down":  { "uv": [ 15.5, 15.5, 14.5, 0.5 ], "texture": "#texture" },
        "up":    { "uv": [ 0.5, 0.5, 1.5, 15.5 ], "texture": "#texture" },
        "north": { "uv": [ 14.5, 0.5, 15.5, 16 ], "texture": "#texture" },
        "south": { "uv": [ 0.5, 0.5, 1.5, 16 ], "texture": "#texture" },
        "west":  { "uv": [ 0.5, 0.5, 15.5, 16 ], "texture": "#texture" },
        "east":  { "uv": [ 0.5, 0.5, 15.5, 16 ], "texture": "#texture" }
    }
},
{
    "from": [ 14.5, 0, 0.5 ],
    "to": [ 15.5, 15.5, 15.5 ],
    "faces": {
        "down":  { "uv": [ 1.5, 15.5, 0.5, 0.5 ], "texture": "#texture" },
        "up":    { "uv": [ 14.5, 0.5, 15.5, 15.5 ], "texture": "#texture" },
        "north": { "uv": [ 0.5, 0.5, 1.5, 16 ], "texture": "#texture" },
        "south": { "uv": [ 14.5, 0.5, 15.5, 16 ], "texture": "#texture" },
        "west":  { "uv": [ 0.5, 0.5, 15.5, 16 ], "texture": "#texture" },
        "east":  { "uv": [ 0.5, 0.5, 15.5, 16 ], "texture": "#texture" }
    }
},
{
    "from": [ 1.5, 14.5, 0.5 ],
    "to": [ 14.5, 15.5, 15.5 ],
    "faces": {
        "down":  { "uv": [ 14.5, 15.5, 1.5, 0.5 ], "texture": "#texture" },
        "up":    { "uv": [ 1.5, 0.5, 14.5, 15.5 ], "texture": "#texture" },
        "north": { "uv": [ 1.5, 0.5, 14.5, 1.5 ], "texture": "#texture" },
        "south": { "uv": [ 1.5, 0.5, 14.5, 1.5 ], "texture": "#texture" },
        "west":  { "uv": [ 0.5, 0.5, 15.5, 1.5 ], "texture": "#texture" },
        "east":  { "uv": [ 0.5, 0.5, 15.5, 1.5 ], "texture": "#texture" }
    }
},
{
    "from": [ 1.5, 0, 0.5 ],
    "to": [ 14.5, 1, 15.5 ],
    "faces": {
        "down":  { "uv": [ 14.5, 15.5, 1.5, 0.5 ], "texture": "#texture" },
        "up":    { "uv": [ 1.5, 0.5, 14.5, 15.5 ], "texture": "#texture" },
        "north": { "uv": [ 1.5, 15, 14.5, 16 ], "texture": "#texture" },
        "south": { "uv": [ 1.5, 15, 14.5, 16 ], "texture": "#texture" },
        "west":  { "uv": [ 0.5, 15, 15.5, 16 ], "texture": "#texture" },
        "east":  { "uv": [ 0.5, 15, 15.5, 16 ], "texture": "#texture" }
    }
},
{
    "from": [ 1.5, 0, 14.5 ],
    "to": [ 14.5, 15.5, 15.5 ],
    "faces": {
        "down":  { "uv": [ 14.5, 15.5, 1.5, 14.5 ], "texture": "#texture" },
        "up":    { "uv": [ 1.5, 14.5, 14.5, 15.5 ], "texture": "#texture" },
        "north": { "uv": [ 1.5, 0.5, 14.5, 16 ], "texture": "#texture" },
        "south": { "uv": [ 1.5, 0.5, 14.5, 16 ], "texture": "#texture" },
        "west":  { "uv": [ 14.5, 0.5, 15.5, 16 ], "texture": "#texture" },
        "east":  { "uv": [ 0.5, 0.5, 1.5, 16 ], "texture": "#texture" }
    }
},
{
    "from": [ 1.5, 9.5, 0.5 ],
    "to": [ 14.5, 14.5, 1.5 ],
    "faces": {
        "down":  { "uv": [ 1.5, 14.5, 14.5, 15.5 ], "rotation": 180, "texture": "#texture" },
        "up":    { "uv": [ 1.5, 14.5, 14.5, 15.5 ], "rotation": 180, "texture": "#texture" },
        "north": { "uv": [ 1.5, 8, 14.5, 15 ], "texture": "#texture" },
        "south": { "uv": [ 1.5, 8, 14.5, 15 ], "texture": "#texture" },
        "west":  { "uv": [ 14.5, 8, 15.5, 15 ], "texture": "#texture" },
        "east":  { "uv": [ 14.5, 8, 15.5, 15 ], "texture": "#texture" }
    }
},
{
    "from": [ 1.5, 1, 0.5 ],
    "to": [ 14.5, 5.5, 1.5 ],
    "faces": {
        "down":  { "uv": [ 1.5, 14.5, 14.5, 15.5 ], "rotation": 180, "texture": "#texture" },
        "up":    { "uv": [ 1.5, 14.5, 14.5, 15.5 ], "rotation": 180, "texture": "#texture" },
        "north": { "uv": [ 1.5, 0.5, 14.5, 5 ], "texture": "#texture" },
        "south": { "uv": [ 1.5, 0.5, 14.5, 5 ], "texture": "#texture" },
        "west":  { "uv": [ 14.5, 0.5, 15.5, 5 ], "texture": "#texture" },
        "east":  { "uv": [ 14.5, 0.5, 15.5, 5 ], "texture": "#texture" }
    }
}
],
"display": {
    "head": {
        "rotation": [ 0, 0, 0 ],
        "translation": [ 0, 0, 0 ],
        "scale": [ 1, 1, 1 ]
    },
    "firstperson_righthand": {
        "rotation": [ -16, 109, 0 ],
        "translation": [ -1.7, 3.02, 0 ],
        "scale": [ 0.5, 0.5, 0.5 ]
    },
    "gui": {
        "rotation": [ 28, 136, 0 ],
        "translation": [ 0, 0.19, 0 ],
        "scale": [ 0.6, 0.6, 0.6 ]
    },
    "ground": {
         "rotation": [ 0, 0, 0 ],
         "translation": [ 0, 6.4, 0 ],
         "scale": [ 0.4, 0.4, 0.4 ]
    }
}
}
