{
	"__comment": "Designed by Nightcling with Cubik Studio - https://cubik.studio",
	"textures": {
		"particle": "block/cyan_terracotta",
		"kleur": "block/red_terracotta",
		"touwtjes": "block/black_terracotta",
		"logo": "item/ddg_logo",
		"zipper": "block/cyan_terracotta"
	},
	"elements": [
		{
			"__comment": "Cube1",
			"from": [ 5, 0, 3.5 ],
			"to": [ 11, 4.5, 5 ],
			"faces": {
				"down": { "uv": [ 5, 11, 11, 12.5 ], "texture": "#kleur" },
				"up": { "uv": [ 5, 3.5, 11, 5 ], "texture": "#kleur" },
				"north": { "uv": [ 5, 11.5, 11, 16 ], "texture": "#kleur" },
				"south": { "uv": [ 5, 11.5, 11, 16 ], "texture": "#kleur" },
				"west": { "uv": [ 3.5, 11.5, 5, 16 ], "texture": "#kleur" },
				"east": { "uv": [ 11, 11.5, 12.5, 16 ], "texture": "#kleur" }
			}
		},
		{
			"__comment": "Cube1",
			"from": [ 4, 0, 5 ],
			"to": [ 12, 8.375, 8.5 ],
			"faces": {
				"down": { "uv": [ 5, 11, 11, 12.5 ], "texture": "#kleur" },
				"up": { "uv": [ 5, 3.5, 11, 5 ], "texture": "#kleur" },
				"north": { "uv": [ 5, 15, 11, 16 ], "texture": "#kleur" },
				"south": { "uv": [ 5, 15, 11, 16 ], "texture": "#kleur" },
				"west": { "uv": [ 3.5, 15, 5, 16 ], "texture": "#kleur" },
				"east": { "uv": [ 11, 15, 12.5, 16 ], "texture": "#kleur" }
			}
		},
		{
			"__comment": "Cube1",
			"from": [ 4.75, 4.5, 3.25 ],
			"to": [ 11.25, 5, 5.125 ],
			"faces": {
				"down": { "uv": [ 5, 11, 11, 12.5 ], "texture": "#kleur" },
				"up": { "uv": [ 5, 3.5, 11, 5 ], "texture": "#kleur" },
				"north": { "uv": [ 5, 11.5, 11, 16 ], "texture": "#kleur" },
				"south": { "uv": [ 5, 11.5, 11, 16 ], "texture": "#kleur" },
				"west": { "uv": [ 3.5, 11.5, 5, 16 ], "texture": "#kleur" },
				"east": { "uv": [ 11, 11.5, 12.5, 16 ], "texture": "#kleur" }
			}
		},
		{
			"__comment": "Cube1",
			"from": [ 4, 8.25, 5 ],
			"to": [ 5, 10.5, 8.5 ],
			"rotation": { "origin": [ 4, 8.25, 5 ], "axis": "z", "angle": -22.5 },
			"faces": {
				"down": { "uv": [ 5, 11, 11, 12.5 ], "texture": "#kleur" },
				"up": { "uv": [ 5, 3.5, 11, 5 ], "texture": "#kleur" },
				"north": { "uv": [ 5, 15, 11, 16 ], "texture": "#kleur" },
				"south": { "uv": [ 5, 15, 11, 16 ], "texture": "#kleur" },
				"west": { "uv": [ 3.5, 15, 5, 16 ], "texture": "#kleur" },
				"east": { "uv": [ 11, 15, 12.5, 16 ], "texture": "#kleur" }
			}
		},
		{
			"__comment": "Cube1",
			"from": [ 10.9817, 8.2058, 5 ],
			"to": [ 11.9817, 10.4558, 8.5 ],
			"rotation": { "origin": [ 12, 8.25, 8.5 ], "axis": "z", "angle": 22.5 },
			"faces": {
				"down": { "uv": [ 5, 11, 11, 12.5 ], "texture": "#kleur", "rotation": 180 },
				"up": { "uv": [ 5, 3.5, 11, 5 ], "texture": "#kleur", "rotation": 180 },
				"north": { "uv": [ 5, 15, 11, 16 ], "texture": "#kleur" },
				"south": { "uv": [ 5, 15, 11, 16 ], "texture": "#kleur" },
				"west": { "uv": [ 11, 15, 12.5, 16 ], "texture": "#kleur" },
				"east": { "uv": [ 3.5, 15, 5, 16 ], "texture": "#kleur" }
			}
		},
		{
			"__comment": "Cube1",
			"from": [ 4.875, 8.25, 5 ],
			"to": [ 11.125, 10.375, 8.5 ],
			"faces": {
				"down": { "uv": [ 5, 11, 11, 12.5 ], "texture": "#kleur" },
				"up": { "uv": [ 5, 3.5, 11, 5 ], "texture": "#kleur" },
				"north": { "uv": [ 5, 15, 11, 16 ], "texture": "#kleur" },
				"south": { "uv": [ 5, 15, 11, 16 ], "texture": "#kleur" },
				"west": { "uv": [ 3.5, 15, 5, 16 ], "texture": "#kleur" },
				"east": { "uv": [ 11, 15, 12.5, 16 ], "texture": "#kleur" }
			}
		},
		{
			"__comment": "PlaneX7",
			"from": [ 5.5, 5, 4.875 ],
			"to": [ 10.5, 10.875, 7.125 ],
			"faces": {
				"north": { "uv": [ 0, 0, 16, 16 ], "texture": "#logo" },
				"south": { "uv": [ 0, 0, 16, 16 ], "texture": "#logo" }
			}
		},
		{
			"__comment": "Cube1",
			"from": [ 4.875, 4.375, 3.375 ],
			"to": [ 11.125, 4.875, 5.25 ],
			"faces": {
				"down": { "uv": [ 5, 11, 11, 12.5 ], "texture": "#zipper" },
				"up": { "uv": [ 5, 3.5, 11, 5 ], "texture": "#zipper" },
				"north": { "uv": [ 5, 11.5, 11, 16 ], "texture": "#zipper" },
				"south": { "uv": [ 5, 11.5, 11, 16 ], "texture": "#zipper" },
				"west": { "uv": [ 3.5, 11.5, 5, 16 ], "texture": "#zipper" },
				"east": { "uv": [ 11, 11.5, 12.5, 16 ], "texture": "#zipper" }
			}
		},
		{
			"__comment": "Cube10",
			"from": [ 5.875, 4.25, 3.25 ],
			"to": [ 6.125, 4.5, 3.5 ],
			"faces": {
				"down": { "uv": [ 5.875, 12.5, 6.125, 12.75 ], "texture": "#touwtjes" },
				"up": { "uv": [ 5.875, 3.25, 6.125, 3.5 ], "texture": "#touwtjes" },
				"north": { "uv": [ 9.875, 11.5, 10.125, 11.75 ], "texture": "#touwtjes" },
				"south": { "uv": [ 5.875, 11.5, 6.125, 11.75 ], "texture": "#touwtjes" },
				"west": { "uv": [ 3.25, 11.5, 3.5, 11.75 ], "texture": "#touwtjes" },
				"east": { "uv": [ 12.5, 11.5, 12.75, 11.75 ], "texture": "#touwtjes" }
			}
		},
		{
			"__comment": "Cube10",
			"from": [ 6.125, 3.75, 3.375 ],
			"to": [ 6.375, 4.375, 3.5 ],
			"rotation": { "origin": [ 6.125, 3.75, 3.375 ], "axis": "z", "angle": 22.5 },
			"faces": {
				"down": { "uv": [ 5.875, 12.5, 6.125, 12.75 ], "texture": "#touwtjes" },
				"up": { "uv": [ 5.875, 3.25, 6.125, 3.5 ], "texture": "#touwtjes" },
				"north": { "uv": [ 9.875, 11.5, 10.125, 11.75 ], "texture": "#touwtjes" },
				"south": { "uv": [ 5.875, 11.5, 6.125, 11.75 ], "texture": "#touwtjes" },
				"west": { "uv": [ 3.25, 11.5, 3.5, 11.75 ], "texture": "#touwtjes" },
				"east": { "uv": [ 12.5, 11.5, 12.75, 11.75 ], "texture": "#touwtjes" }
			}
		},
		{
			"__comment": "Cube13",
			"from": [ 6.375, 10.375, 6.375 ],
			"to": [ 6.75, 11.5, 7.375 ],
			"rotation": { "origin": [ 6.375, 10.375, 6.375 ], "axis": "z", "angle": -22.5 },
			"faces": {
				"down": { "uv": [ 6.75, 8.625, 7.125, 9.625 ], "texture": "#touwtjes" },
				"up": { "uv": [ 6.75, 6.375, 7.125, 7.375 ], "texture": "#touwtjes" },
				"north": { "uv": [ 8.875, 4.625, 9.25, 5.625 ], "texture": "#touwtjes" },
				"south": { "uv": [ 6.75, 4.625, 7.125, 5.625 ], "texture": "#touwtjes" },
				"west": { "uv": [ 6.375, 4.625, 7.375, 5.625 ], "texture": "#touwtjes" },
				"east": { "uv": [ 8.625, 4.625, 9.625, 5.625 ], "texture": "#touwtjes" }
			}
		},
		{
			"__comment": "Cube13",
			"from": [ 6.75, 11, 6.375 ],
			"to": [ 7.75, 11.375, 7.375 ],
			"rotation": { "origin": [ 6.75, 11.375, 6.375 ], "axis": "z", "angle": 22.5 },
			"faces": {
				"down": { "uv": [ 8.625, 4.625, 9.625, 5.625 ], "texture": "#touwtjes", "rotation": 90 },
				"up": { "uv": [ 7.375, 5.625, 6.375, 4.625 ], "texture": "#touwtjes", "rotation": 270 },
				"north": { "uv": [ 9.25, 5.625, 8.875, 4.625 ], "texture": "#touwtjes", "rotation": 90 },
				"south": { "uv": [ 7.125, 5.625, 6.75, 4.625 ], "texture": "#touwtjes", "rotation": 270 },
				"west": { "uv": [ 7.125, 9.625, 6.75, 8.625 ], "texture": "#touwtjes", "rotation": 270 },
				"east": { "uv": [ 6.75, 6.375, 7.125, 7.375 ], "texture": "#touwtjes", "rotation": 90 }
			}
		},
		{
			"__comment": "Cube13",
			"from": [ 8.5, 11, 6.375 ],
			"to": [ 9.5, 11.375, 7.375 ],
			"rotation": { "origin": [ 9.5, 11.375, 7.375 ], "axis": "z", "angle": -22.5 },
			"faces": {
				"down": { "uv": [ 9.625, 5.625, 8.625, 4.625 ], "texture": "#touwtjes", "rotation": 90 },
				"up": { "uv": [ 6.375, 4.625, 7.375, 5.625 ], "texture": "#touwtjes", "rotation": 270 },
				"north": { "uv": [ 7.125, 5.625, 6.75, 4.625 ], "texture": "#touwtjes", "rotation": 270 },
				"south": { "uv": [ 9.25, 5.625, 8.875, 4.625 ], "texture": "#touwtjes", "rotation": 90 },
				"west": { "uv": [ 7.125, 7.375, 6.75, 6.375 ], "texture": "#touwtjes", "rotation": 270 },
				"east": { "uv": [ 6.75, 8.625, 7.125, 9.625 ], "texture": "#touwtjes", "rotation": 90 }
			}
		},
		{
			"__comment": "Cube13",
			"from": [ 9.5, 10.375, 6.375 ],
			"to": [ 9.875, 11.5, 7.375 ],
			"rotation": { "origin": [ 9.875, 10.375, 7.375 ], "axis": "z", "angle": 22.5 },
			"faces": {
				"down": { "uv": [ 6.75, 8.625, 7.125, 9.625 ], "texture": "#touwtjes", "rotation": 180 },
				"up": { "uv": [ 6.75, 6.375, 7.125, 7.375 ], "texture": "#touwtjes", "rotation": 180 },
				"north": { "uv": [ 6.75, 4.625, 7.125, 5.625 ], "texture": "#touwtjes" },
				"south": { "uv": [ 8.875, 4.625, 9.25, 5.625 ], "texture": "#touwtjes" },
				"west": { "uv": [ 8.625, 4.625, 9.625, 5.625 ], "texture": "#touwtjes" },
				"east": { "uv": [ 6.375, 4.625, 7.375, 5.625 ], "texture": "#touwtjes" }
			}
		},
		{
			"__comment": "Cube13",
			"from": [ 7.625, 11.375, 6.375 ],
			"to": [ 8.625, 11.75, 7.375 ],
			"faces": {
				"down": { "uv": [ 9.625, 5.625, 8.625, 4.625 ], "texture": "#touwtjes", "rotation": 90 },
				"up": { "uv": [ 6.375, 4.625, 7.375, 5.625 ], "texture": "#touwtjes", "rotation": 270 },
				"north": { "uv": [ 7.125, 5.625, 6.75, 4.625 ], "texture": "#touwtjes", "rotation": 270 },
				"south": { "uv": [ 9.25, 5.625, 8.875, 4.625 ], "texture": "#touwtjes", "rotation": 90 },
				"west": { "uv": [ 7.125, 7.375, 6.75, 6.375 ], "texture": "#touwtjes", "rotation": 270 },
				"east": { "uv": [ 6.75, 8.625, 7.125, 9.625 ], "texture": "#touwtjes", "rotation": 90 }
			}
		},
		{
			"__comment": "Cube16",
			"from": [ 5.375, 1.125, 8.5 ],
			"to": [ 6.375, 7.625, 8.75 ],
			"faces": {
				"down": { "uv": [ 5.375, 7.25, 6.375, 7.5 ], "texture": "#touwtjes" },
				"up": { "uv": [ 5.375, 8.5, 6.375, 8.75 ], "texture": "#touwtjes" },
				"north": { "uv": [ 9.625, 8.375, 10.625, 14.875 ], "texture": "#touwtjes" },
				"south": { "uv": [ 5.375, 8.375, 6.375, 14.875 ], "texture": "#touwtjes" },
				"west": { "uv": [ 8.5, 8.375, 8.75, 14.875 ], "texture": "#touwtjes" },
				"east": { "uv": [ 7.25, 8.375, 7.5, 14.875 ], "texture": "#touwtjes" }
			}
		},
		{
			"__comment": "Cube16",
			"from": [ 5.375, 7.625, 8.5 ],
			"to": [ 6.375, 9.125, 8.75 ],
			"rotation": { "origin": [ 5.375, 7.625, 8.5 ], "axis": "x", "angle": 22.5 },
			"faces": {
				"down": { "uv": [ 4.75, 7.25, 5.75, 7.5 ], "texture": "#touwtjes" },
				"up": { "uv": [ 4.75, 8.5, 5.75, 8.75 ], "texture": "#touwtjes" },
				"north": { "uv": [ 10.25, 8.375, 11.25, 14.875 ], "texture": "#touwtjes" },
				"south": { "uv": [ 4.75, 8.375, 5.75, 14.875 ], "texture": "#touwtjes" },
				"west": { "uv": [ 8.5, 8.375, 8.75, 14.875 ], "texture": "#touwtjes" },
				"east": { "uv": [ 7.25, 8.375, 7.5, 14.875 ], "texture": "#touwtjes" }
			}
		},
		{
			"__comment": "Cube16",
			"from": [ 5.375, 8.75, 9.125 ],
			"to": [ 6.375, 9, 10.625 ],
			"rotation": { "origin": [ 5.375, 9, 9.125 ], "axis": "x", "angle": -22.5 },
			"faces": {
				"down": { "uv": [ 4.75, 8.375, 5.75, 14.875 ], "texture": "#touwtjes" },
				"up": { "uv": [ 11.25, 14.875, 10.25, 8.375 ], "texture": "#touwtjes" },
				"north": { "uv": [ 5.75, 7.5, 4.75, 7.25 ], "texture": "#touwtjes" },
				"south": { "uv": [ 4.75, 8.5, 5.75, 8.75 ], "texture": "#touwtjes" },
				"west": { "uv": [ 8.5, 8.375, 8.75, 14.875 ], "texture": "#touwtjes", "rotation": 90 },
				"east": { "uv": [ 7.25, 8.375, 7.5, 14.875 ], "texture": "#touwtjes", "rotation": 270 }
			}
		},
		{
			"__comment": "Cube16",
			"from": [ 5.375, 9.25, 10.875 ],
			"to": [ 6.375, 9.5, 12.375 ],
			"rotation": { "origin": [ 5.375, 9.5, 10.875 ], "axis": "x", "angle": 45 },
			"faces": {
				"down": { "uv": [ 4.75, 8.375, 5.75, 14.875 ], "texture": "#touwtjes" },
				"up": { "uv": [ 11.25, 14.875, 10.25, 8.375 ], "texture": "#touwtjes" },
				"north": { "uv": [ 5.75, 7.5, 4.75, 7.25 ], "texture": "#touwtjes" },
				"south": { "uv": [ 4.75, 8.5, 5.75, 8.75 ], "texture": "#touwtjes" },
				"west": { "uv": [ 8.5, 8.375, 8.75, 14.875 ], "texture": "#touwtjes", "rotation": 90 },
				"east": { "uv": [ 7.25, 8.375, 7.5, 14.875 ], "texture": "#touwtjes", "rotation": 270 }
			}
		},
		{
			"__comment": "Cube16",
			"from": [ 5.375, 9.3842, 10.5221 ],
			"to": [ 6.375, 9.5092, 10.8971 ],
			"rotation": { "origin": [ 5.375, 9.5, 10.5 ], "axis": "x", "angle": 22.5 },
			"faces": {
				"down": { "uv": [ 4.75, 8.375, 5.75, 14.875 ], "texture": "#touwtjes" },
				"up": { "uv": [ 11.25, 14.875, 10.25, 8.375 ], "texture": "#touwtjes" },
				"north": { "uv": [ 5.75, 7.5, 4.75, 7.25 ], "texture": "#touwtjes" },
				"south": { "uv": [ 4.75, 8.5, 5.75, 8.75 ], "texture": "#touwtjes" },
				"west": { "uv": [ 8.5, 8.375, 8.75, 14.875 ], "texture": "#touwtjes", "rotation": 90 },
				"east": { "uv": [ 7.25, 8.375, 7.5, 14.875 ], "texture": "#touwtjes", "rotation": 270 }
			}
		},
		{
			"__comment": "Cube16",
			"from": [ 5.375, 9.5092, 10.5221 ],
			"to": [ 6.375, 9.6342, 10.8971 ],
			"rotation": { "origin": [ 5.375, 9.625, 10.5 ], "axis": "x", "angle": 22.5 },
			"faces": {
				"down": { "uv": [ 4.75, 8.375, 5.75, 14.875 ], "texture": "#touwtjes" },
				"up": { "uv": [ 11.25, 14.875, 10.25, 8.375 ], "texture": "#touwtjes" },
				"north": { "uv": [ 5.75, 7.5, 4.75, 7.25 ], "texture": "#touwtjes" },
				"south": { "uv": [ 4.75, 8.5, 5.75, 8.75 ], "texture": "#touwtjes" },
				"west": { "uv": [ 8.5, 8.375, 8.75, 14.875 ], "texture": "#touwtjes", "rotation": 90 },
				"east": { "uv": [ 7.25, 8.375, 7.5, 14.875 ], "texture": "#touwtjes", "rotation": 270 }
			}
		},
		{
			"__comment": "Cube16",
			"from": [ 5.375, 3.4326, 11.6717 ],
			"to": [ 6.375, 8.5576, 11.9217 ],
			"faces": {
				"down": { "uv": [ 4.75, 8.5, 5.75, 8.75 ], "texture": "#touwtjes" },
				"up": { "uv": [ 4.75, 7.25, 5.75, 7.5 ], "texture": "#touwtjes" },
				"north": { "uv": [ 5.75, 14.875, 4.75, 8.375 ], "texture": "#touwtjes" },
				"south": { "uv": [ 11.25, 14.875, 10.25, 8.375 ], "texture": "#touwtjes" },
				"west": { "uv": [ 8.5, 8.375, 8.75, 14.875 ], "texture": "#touwtjes", "rotation": 180 },
				"east": { "uv": [ 7.25, 8.375, 7.5, 14.875 ], "texture": "#touwtjes", "rotation": 180 }
			}
		},
		{
			"__comment": "Cube16",
			"from": [ 5.375, 0.8825999, 8.3866 ],
			"to": [ 6.375, 1.1326, 9.0116 ],
			"rotation": { "origin": [ 5.375, 0.625, 9.125 ], "axis": "x", "angle": 22.5 },
			"faces": {
				"down": { "uv": [ 11.25, 14.875, 10.25, 8.375 ], "texture": "#touwtjes" },
				"up": { "uv": [ 4.75, 8.375, 5.75, 14.875 ], "texture": "#touwtjes" },
				"north": { "uv": [ 5.75, 8.75, 4.75, 8.5 ], "texture": "#touwtjes" },
				"south": { "uv": [ 4.75, 7.25, 5.75, 7.5 ], "texture": "#touwtjes" },
				"west": { "uv": [ 8.5, 8.375, 8.75, 14.875 ], "texture": "#touwtjes", "rotation": 270 },
				"east": { "uv": [ 7.25, 8.375, 7.5, 14.875 ], "texture": "#touwtjes", "rotation": 90 }
			}
		},
		{
			"__comment": "Cube16",
			"from": [ 5.375, 0.8825999, 9.1366 ],
			"to": [ 6.375, 1.1326, 9.7616 ],
			"faces": {
				"down": { "uv": [ 11.25, 14.875, 10.25, 8.375 ], "texture": "#touwtjes" },
				"up": { "uv": [ 4.75, 8.375, 5.75, 14.875 ], "texture": "#touwtjes" },
				"north": { "uv": [ 5.75, 8.75, 4.75, 8.5 ], "texture": "#touwtjes" },
				"south": { "uv": [ 4.75, 7.25, 5.75, 7.5 ], "texture": "#touwtjes" },
				"west": { "uv": [ 8.5, 8.375, 8.75, 14.875 ], "texture": "#touwtjes", "rotation": 270 },
				"east": { "uv": [ 7.25, 8.375, 7.5, 14.875 ], "texture": "#touwtjes", "rotation": 90 }
			}
		},
		{
			"__comment": "Cube16",
			"from": [ 5.375, 0.7195, 9.5436 ],
			"to": [ 6.375, 0.9695, 10.2936 ],
			"rotation": { "origin": [ 5.375, 1.25, 9.375 ], "axis": "x", "angle": -22.5 },
			"faces": {
				"down": { "uv": [ 4.75, 8.375, 5.75, 14.875 ], "texture": "#touwtjes" },
				"up": { "uv": [ 11.25, 14.875, 10.25, 8.375 ], "texture": "#touwtjes" },
				"north": { "uv": [ 5.75, 7.5, 4.75, 7.25 ], "texture": "#touwtjes" },
				"south": { "uv": [ 4.75, 8.5, 5.75, 8.75 ], "texture": "#touwtjes" },
				"west": { "uv": [ 8.5, 8.375, 8.75, 14.875 ], "texture": "#touwtjes", "rotation": 90 },
				"east": { "uv": [ 7.25, 8.375, 7.5, 14.875 ], "texture": "#touwtjes", "rotation": 270 }
			}
		},
		{
			"__comment": "Cube16",
			"from": [ 5.375, 0.495, 9.8932 ],
			"to": [ 6.375, 0.745, 11.3932 ],
			"rotation": { "origin": [ 5.375, 1.375, 9.375 ], "axis": "x", "angle": -45 },
			"faces": {
				"down": { "uv": [ 4.75, 8.375, 5.75, 14.875 ], "texture": "#touwtjes" },
				"up": { "uv": [ 11.25, 14.875, 10.25, 8.375 ], "texture": "#touwtjes" },
				"north": { "uv": [ 5.75, 7.5, 4.75, 7.25 ], "texture": "#touwtjes" },
				"south": { "uv": [ 4.75, 8.5, 5.75, 8.75 ], "texture": "#touwtjes" },
				"west": { "uv": [ 8.5, 8.375, 8.75, 14.875 ], "texture": "#touwtjes", "rotation": 90 },
				"east": { "uv": [ 7.25, 8.375, 7.5, 14.875 ], "texture": "#touwtjes", "rotation": 270 }
			}
		},
		{
			"__comment": "Cube16",
			"from": [ 5.375, 2.3941, 11.0712 ],
			"to": [ 6.375, 3.7691, 11.3212 ],
			"rotation": { "origin": [ 5.375, 2.125, 10.75 ], "axis": "x", "angle": 22.5 },
			"faces": {
				"down": { "uv": [ 4.75, 7.25, 5.75, 7.5 ], "texture": "#touwtjes" },
				"up": { "uv": [ 4.75, 8.5, 5.75, 8.75 ], "texture": "#touwtjes" },
				"north": { "uv": [ 10.25, 8.375, 11.25, 14.875 ], "texture": "#touwtjes" },
				"south": { "uv": [ 4.75, 8.375, 5.75, 14.875 ], "texture": "#touwtjes" },
				"west": { "uv": [ 8.5, 8.375, 8.75, 14.875 ], "texture": "#touwtjes" },
				"east": { "uv": [ 7.25, 8.375, 7.5, 14.875 ], "texture": "#touwtjes" }
			}
		},
		{
			"__comment": "Cube16",
			"from": [ 9, 1.125, 8.5 ],
			"to": [ 10, 7.625, 8.75 ],
			"faces": {
				"down": { "uv": [ 5.375, 7.25, 6.375, 7.5 ], "texture": "#touwtjes" },
				"up": { "uv": [ 5.375, 8.5, 6.375, 8.75 ], "texture": "#touwtjes" },
				"north": { "uv": [ 9.625, 8.375, 10.625, 14.875 ], "texture": "#touwtjes" },
				"south": { "uv": [ 5.375, 8.375, 6.375, 14.875 ], "texture": "#touwtjes" },
				"west": { "uv": [ 8.5, 8.375, 8.75, 14.875 ], "texture": "#touwtjes" },
				"east": { "uv": [ 7.25, 8.375, 7.5, 14.875 ], "texture": "#touwtjes" }
			}
		},
		{
			"__comment": "Cube16",
			"from": [ 9, 7.625, 8.5 ],
			"to": [ 10, 9.125, 8.75 ],
			"rotation": { "origin": [ 9, 7.625, 8.5 ], "axis": "x", "angle": 22.5 },
			"faces": {
				"down": { "uv": [ 4.75, 7.25, 5.75, 7.5 ], "texture": "#touwtjes" },
				"up": { "uv": [ 4.75, 8.5, 5.75, 8.75 ], "texture": "#touwtjes" },
				"north": { "uv": [ 10.25, 8.375, 11.25, 14.875 ], "texture": "#touwtjes" },
				"south": { "uv": [ 4.75, 8.375, 5.75, 14.875 ], "texture": "#touwtjes" },
				"west": { "uv": [ 8.5, 8.375, 8.75, 14.875 ], "texture": "#touwtjes" },
				"east": { "uv": [ 7.25, 8.375, 7.5, 14.875 ], "texture": "#touwtjes" }
			}
		},
		{
			"__comment": "Cube16",
			"from": [ 9, 8.75, 9.125 ],
			"to": [ 10, 9, 10.625 ],
			"rotation": { "origin": [ 9, 9, 9.125 ], "axis": "x", "angle": -22.5 },
			"faces": {
				"down": { "uv": [ 4.75, 8.375, 5.75, 14.875 ], "texture": "#touwtjes" },
				"up": { "uv": [ 11.25, 14.875, 10.25, 8.375 ], "texture": "#touwtjes" },
				"north": { "uv": [ 5.75, 7.5, 4.75, 7.25 ], "texture": "#touwtjes" },
				"south": { "uv": [ 4.75, 8.5, 5.75, 8.75 ], "texture": "#touwtjes" },
				"west": { "uv": [ 8.5, 8.375, 8.75, 14.875 ], "texture": "#touwtjes", "rotation": 90 },
				"east": { "uv": [ 7.25, 8.375, 7.5, 14.875 ], "texture": "#touwtjes", "rotation": 270 }
			}
		},
		{
			"__comment": "Cube16",
			"from": [ 9, 9.25, 10.875 ],
			"to": [ 10, 9.5, 12.375 ],
			"rotation": { "origin": [ 9, 9.5, 10.875 ], "axis": "x", "angle": 45 },
			"faces": {
				"down": { "uv": [ 4.75, 8.375, 5.75, 14.875 ], "texture": "#touwtjes" },
				"up": { "uv": [ 11.25, 14.875, 10.25, 8.375 ], "texture": "#touwtjes" },
				"north": { "uv": [ 5.75, 7.5, 4.75, 7.25 ], "texture": "#touwtjes" },
				"south": { "uv": [ 4.75, 8.5, 5.75, 8.75 ], "texture": "#touwtjes" },
				"west": { "uv": [ 8.5, 8.375, 8.75, 14.875 ], "texture": "#touwtjes", "rotation": 90 },
				"east": { "uv": [ 7.25, 8.375, 7.5, 14.875 ], "texture": "#touwtjes", "rotation": 270 }
			}
		},
		{
			"__comment": "Cube16",
			"from": [ 9, 9.3842, 10.5221 ],
			"to": [ 10, 9.5092, 10.8971 ],
			"rotation": { "origin": [ 9, 9.5, 10.5 ], "axis": "x", "angle": 22.5 },
			"faces": {
				"down": { "uv": [ 4.75, 8.375, 5.75, 14.875 ], "texture": "#touwtjes" },
				"up": { "uv": [ 11.25, 14.875, 10.25, 8.375 ], "texture": "#touwtjes" },
				"north": { "uv": [ 5.75, 7.5, 4.75, 7.25 ], "texture": "#touwtjes" },
				"south": { "uv": [ 4.75, 8.5, 5.75, 8.75 ], "texture": "#touwtjes" },
				"west": { "uv": [ 8.5, 8.375, 8.75, 14.875 ], "texture": "#touwtjes", "rotation": 90 },
				"east": { "uv": [ 7.25, 8.375, 7.5, 14.875 ], "texture": "#touwtjes", "rotation": 270 }
			}
		},
		{
			"__comment": "Cube16",
			"from": [ 9, 9.5092, 10.5221 ],
			"to": [ 10, 9.6342, 10.8971 ],
			"rotation": { "origin": [ 9, 9.625, 10.5 ], "axis": "x", "angle": 22.5 },
			"faces": {
				"down": { "uv": [ 4.75, 8.375, 5.75, 14.875 ], "texture": "#touwtjes" },
				"up": { "uv": [ 11.25, 14.875, 10.25, 8.375 ], "texture": "#touwtjes" },
				"north": { "uv": [ 5.75, 7.5, 4.75, 7.25 ], "texture": "#touwtjes" },
				"south": { "uv": [ 4.75, 8.5, 5.75, 8.75 ], "texture": "#touwtjes" },
				"west": { "uv": [ 8.5, 8.375, 8.75, 14.875 ], "texture": "#touwtjes", "rotation": 90 },
				"east": { "uv": [ 7.25, 8.375, 7.5, 14.875 ], "texture": "#touwtjes", "rotation": 270 }
			}
		},
		{
			"__comment": "Cube16",
			"from": [ 9, 3.4326, 11.6717 ],
			"to": [ 10, 8.5576, 11.9217 ],
			"faces": {
				"down": { "uv": [ 4.75, 8.5, 5.75, 8.75 ], "texture": "#touwtjes" },
				"up": { "uv": [ 4.75, 7.25, 5.75, 7.5 ], "texture": "#touwtjes" },
				"north": { "uv": [ 5.75, 14.875, 4.75, 8.375 ], "texture": "#touwtjes" },
				"south": { "uv": [ 11.25, 14.875, 10.25, 8.375 ], "texture": "#touwtjes" },
				"west": { "uv": [ 8.5, 8.375, 8.75, 14.875 ], "texture": "#touwtjes", "rotation": 180 },
				"east": { "uv": [ 7.25, 8.375, 7.5, 14.875 ], "texture": "#touwtjes", "rotation": 180 }
			}
		},
		{
			"__comment": "Cube16",
			"from": [ 9, 0.8825999, 8.3866 ],
			"to": [ 10, 1.1326, 9.0116 ],
			"rotation": { "origin": [ 9, 0.625, 9.125 ], "axis": "x", "angle": 22.5 },
			"faces": {
				"down": { "uv": [ 11.25, 14.875, 10.25, 8.375 ], "texture": "#touwtjes" },
				"up": { "uv": [ 4.75, 8.375, 5.75, 14.875 ], "texture": "#touwtjes" },
				"north": { "uv": [ 5.75, 8.75, 4.75, 8.5 ], "texture": "#touwtjes" },
				"south": { "uv": [ 4.75, 7.25, 5.75, 7.5 ], "texture": "#touwtjes" },
				"west": { "uv": [ 8.5, 8.375, 8.75, 14.875 ], "texture": "#touwtjes", "rotation": 270 },
				"east": { "uv": [ 7.25, 8.375, 7.5, 14.875 ], "texture": "#touwtjes", "rotation": 90 }
			}
		},
		{
			"__comment": "Cube16",
			"from": [ 9, 0.8825999, 9.1366 ],
			"to": [ 10, 1.1326, 9.7616 ],
			"faces": {
				"down": { "uv": [ 11.25, 14.875, 10.25, 8.375 ], "texture": "#touwtjes" },
				"up": { "uv": [ 4.75, 8.375, 5.75, 14.875 ], "texture": "#touwtjes" },
				"north": { "uv": [ 5.75, 8.75, 4.75, 8.5 ], "texture": "#touwtjes" },
				"south": { "uv": [ 4.75, 7.25, 5.75, 7.5 ], "texture": "#touwtjes" },
				"west": { "uv": [ 8.5, 8.375, 8.75, 14.875 ], "texture": "#touwtjes", "rotation": 270 },
				"east": { "uv": [ 7.25, 8.375, 7.5, 14.875 ], "texture": "#touwtjes", "rotation": 90 }
			}
		},
		{
			"__comment": "Cube16",
			"from": [ 9, 0.7195, 9.5436 ],
			"to": [ 10, 0.9695, 10.2936 ],
			"rotation": { "origin": [ 9, 1.25, 9.375 ], "axis": "x", "angle": -22.5 },
			"faces": {
				"down": { "uv": [ 4.75, 8.375, 5.75, 14.875 ], "texture": "#touwtjes" },
				"up": { "uv": [ 11.25, 14.875, 10.25, 8.375 ], "texture": "#touwtjes" },
				"north": { "uv": [ 5.75, 7.5, 4.75, 7.25 ], "texture": "#touwtjes" },
				"south": { "uv": [ 4.75, 8.5, 5.75, 8.75 ], "texture": "#touwtjes" },
				"west": { "uv": [ 8.5, 8.375, 8.75, 14.875 ], "texture": "#touwtjes", "rotation": 90 },
				"east": { "uv": [ 7.25, 8.375, 7.5, 14.875 ], "texture": "#touwtjes", "rotation": 270 }
			}
		},
		{
			"__comment": "Cube16",
			"from": [ 9, 0.495, 9.8932 ],
			"to": [ 10, 0.745, 11.3932 ],
			"rotation": { "origin": [ 9, 1.375, 9.375 ], "axis": "x", "angle": -45 },
			"faces": {
				"down": { "uv": [ 4.75, 8.375, 5.75, 14.875 ], "texture": "#touwtjes" },
				"up": { "uv": [ 11.25, 14.875, 10.25, 8.375 ], "texture": "#touwtjes" },
				"north": { "uv": [ 5.75, 7.5, 4.75, 7.25 ], "texture": "#touwtjes" },
				"south": { "uv": [ 4.75, 8.5, 5.75, 8.75 ], "texture": "#touwtjes" },
				"west": { "uv": [ 8.5, 8.375, 8.75, 14.875 ], "texture": "#touwtjes", "rotation": 90 },
				"east": { "uv": [ 7.25, 8.375, 7.5, 14.875 ], "texture": "#touwtjes", "rotation": 270 }
			}
		},
		{
			"__comment": "Cube16",
			"from": [ 9, 2.3941, 11.0712 ],
			"to": [ 10, 3.7691, 11.3212 ],
			"rotation": { "origin": [ 9, 2.125, 10.75 ], "axis": "x", "angle": 22.5 },
			"faces": {
				"down": { "uv": [ 4.75, 7.25, 5.75, 7.5 ], "texture": "#touwtjes" },
				"up": { "uv": [ 4.75, 8.5, 5.75, 8.75 ], "texture": "#touwtjes" },
				"north": { "uv": [ 10.25, 8.375, 11.25, 14.875 ], "texture": "#touwtjes" },
				"south": { "uv": [ 4.75, 8.375, 5.75, 14.875 ], "texture": "#touwtjes" },
				"west": { "uv": [ 8.5, 8.375, 8.75, 14.875 ], "texture": "#touwtjes" },
				"east": { "uv": [ 7.25, 8.375, 7.5, 14.875 ], "texture": "#touwtjes" }
			}
		}
	],
	"display": {
		"thirdperson_righthand": {
			"rotation":  [ 52, 0, 0 ],
			"translation":  [ 0, -3.477, -1.39 ],
			"scale":  [ 0.7, 0.7, 0.7 ]
		},
		"thirdperson_lefthand": {
			"rotation":  [ 52, 0, 0 ],
			"translation":  [ 0, -3.477, -1.39 ],
			"scale":  [ 0.7, 0.7, 0.7 ]
		},
		"firstperson_righthand": {
			"rotation":  [ 0, 95, 0 ],
			"translation":  [ 1.3913, 6.2608, 0.6956 ],
			"scale":  [ 0.7, 0.7, 0.7 ]
		},
		"firstperson_lefthand": {
			"rotation":  [ 0, 95, 0 ],
			"translation":  [ 1.3913, 6.2608, 0.6956 ],
			"scale":  [ 0.7, 0.7, 0.7 ]
		},
		"gui": {
			"rotation":  [ 16, 128, 0 ],
			"translation":  [ 0, 2.0869, 0 ]
		},
		"head": {
			"rotation":  [ 0, 180, 0 ],
			"translation":  [ 0, -12.52, 4.1739 ],
			"scale":  [ 1.5, 1.5, 1.5 ]
		},
		"ground": {
			"translation":  [ 0, 3.4782, 0 ],
			"scale":  [ 0.7, 0.7, 0.7 ]
		},
		"fixed": {
			"translation":  [ 0, 2.7826, 1.3913 ],
			"scale":  [ 1.3, 1.3, 1.3 ]
		}
	}
}
