{
	"credit": "Gemaakt door: Archantion",
	"textures": {
		"trashcan_base": "block/trashcan_base",
		"trashcan_top": "block/trashcan_top",
		"particle": "block/trashcan_top",
		"texture_black": "block/black",
		"trashcan_base_with_icon": "block/trashcan_base_with_icon"
	},
	"elements": [
		{
			"name": "Box1",
			"from": [0, 0.125, 0],
			"to": [16, 16, 16],
			"faces": {
				"north": {"uv": [0, 1, 16, 16], "texture": "#trashcan_base_with_icon"},
				"east": {"uv": [0, 1, 16, 16], "texture": "#trashcan_base_with_icon"},
				"south": {"uv": [0, 1, 16, 16], "texture": "#trashcan_base_with_icon"},
				"west": {"uv": [0, 1, 16, 16], "texture": "#trashcan_base_with_icon"},
				"up": {"uv": [0, 0, 16, 16], "texture": "#trashcan_top"},
				"down": {"uv": [0, 0, 16, 16], "texture": "#trashcan_top"}
			}
		},
		{
			"name": "Box2",
			"from": [1.5, 15.875, 1.5],
			"to": [3.5, 21.875, 3.5],
			"faces": {
				"north": {"uv": [14, 0, 16, 6], "texture": "#trashcan_base"},
				"east": {"uv": [9, 0, 11, 1], "texture": "#trashcan_base"},
				"south": {"uv": [3.5, 2, 5.5, 3], "texture": "#trashcan_base"},
				"west": {"uv": [0, 0, 2, 6], "texture": "#trashcan_base"},
				"up": {"uv": [0, 0, 16, 16], "texture": "#trashcan_top"},
				"down": {"uv": [0, 0, 16, 16], "texture": "#trashcan_top"}
			}
		},
		{
			"name": "Box2",
			"from": [12.5, 15.875, 1.5],
			"to": [14.5, 21.875, 3.5],
			"faces": {
				"north": {"uv": [0, 0, 2, 6], "texture": "#trashcan_base"},
				"east": {"uv": [14, 0, 16, 6], "texture": "#trashcan_base"},
				"south": {"uv": [9, 0, 11, 1], "texture": "#trashcan_base"},
				"west": {"uv": [3.5, 2, 5.5, 3], "texture": "#trashcan_base"},
				"up": {"uv": [2, 1.5, 4, 3.5], "texture": "#trashcan_base", "rotation": 90},
				"down": {"uv": [2.5, 13, 4.5, 15], "texture": "#trashcan_base", "rotation": 270}
			}
		},
		{
			"name": "Box2",
			"from": [1.5, 15.875, 12.5],
			"to": [3.5, 21.875, 14.5],
			"faces": {
				"north": {"uv": [9, 0, 11, 1], "texture": "#trashcan_base"},
				"east": {"uv": [3.5, 2, 5.5, 3], "texture": "#trashcan_base"},
				"south": {"uv": [0, 0, 2, 6], "texture": "#trashcan_base"},
				"west": {"uv": [14, 0, 16, 6], "texture": "#trashcan_base"},
				"up": {"uv": [2, 1.5, 4, 3.5], "texture": "#trashcan_base", "rotation": 270},
				"down": {"uv": [2.5, 13, 4.5, 15], "texture": "#trashcan_base", "rotation": 90}
			}
		},
		{
			"name": "Box2",
			"from": [12.5, 15.875, 12.5],
			"to": [14.5, 21.875, 14.5],
			"faces": {
				"north": {"uv": [3.5, 2, 5.5, 3], "texture": "#trashcan_base"},
				"east": {"uv": [0, 0, 2, 6], "texture": "#trashcan_base"},
				"south": {"uv": [14, 0, 16, 6], "texture": "#trashcan_base"},
				"west": {"uv": [9, 0, 11, 1], "texture": "#trashcan_base"},
				"up": {"uv": [2, 1.5, 4, 3.5], "texture": "#trashcan_base", "rotation": 180},
				"down": {"uv": [2.5, 13, 4.5, 15], "texture": "#trashcan_base", "rotation": 180}
			}
		},
		{
			"name": "Box11",
			"from": [1.5, 21.875, 1.5],
			"to": [14.5, 22.875, 14.5],
			"faces": {
				"north": {"uv": [0, 1.5, 16, 3], "texture": "#trashcan_top"},
				"east": {"uv": [0, 1.5, 16, 3], "texture": "#trashcan_top"},
				"south": {"uv": [0, 1.5, 16, 3], "texture": "#trashcan_top"},
				"west": {"uv": [0, 1.5, 16, 3], "texture": "#trashcan_top"},
				"up": {"uv": [0, 0, 16, 16], "texture": "#trashcan_top"},
				"down": {"uv": [0, 0, 16, 16], "texture": "#trashcan_top"}
			}
		},
		{
			"name": "PlaneY13",
			"from": [3, 16, 3],
			"to": [13, 16.001, 13],
			"faces": {
				"up": {"uv": [3, 3, 13, 13], "texture": "#texture_black"},
				"down": {"uv": [3, 3, 13, 13], "texture": "#texture_black"}
			}
		},
		{
			"name": "Box8",
			"from": [0, 0, 0],
			"to": [16, 0.125, 16],
			"faces": {
				"north": {"uv": [0, 15.875, 16, 16], "texture": "#trashcan_top"},
				"east": {"uv": [0, 15.875, 16, 16], "texture": "#trashcan_top"},
				"south": {"uv": [0, 15.875, 16, 16], "texture": "#trashcan_top"},
				"west": {"uv": [0, 15.875, 16, 16], "texture": "#trashcan_top"},
				"up": {"uv": [0, 0, 16, 16], "texture": "#trashcan_top"},
				"down": {"uv": [0, 0, 16, 16], "texture": "#trashcan_top"}
			}
		}
	],
	"display": {
		"thirdperson_righthand": {
			"scale": [0.375, 0.375, 0.375],
			"rotation": [75, 45, 0],
			"translation": [0, 2.5, 0]
		},
		"thirdperson_lefthand": {
			"scale": [0.375, 0.375, 0.375],
			"rotation": [75, 45, 0],
			"translation": [0, 2.5, 0]
		},
		"firstperson_righthand": {
			"translation": [0, 0, 0],
			"scale": [0.4, 0.4, 0.4],
			"rotation": [0, 45, 0]
		},
		"firstperson_lefthand": {
			"scale": [0.4, 0.4, 0.4],
			"rotation": [0, 45, 0]
		},
		"gui": {
			"rotation": [30, 225, 0],
			"translation": [0, 0, 0],
			"scale": [0.625, 0.625, 0.625]
		},
		"ground": {
			"translation": [0, 3, 0],
			"scale": [0.25, 0.25, 0.25],
			"rotation": [0, 0, 0]
		},
		"fixed": {
			"translation": [0, 0, 0],
			"scale": [0.5, 0.5, 0.5],
			"rotation": [0, 0, 0]
		}
	}
}
