{
	"credit": "Designed by Zeeppompje - In Order Of DusDavidGames",
	"textures": {
		"0": "block/light_blue_terracotta",
		"1": "block/white_concrete_powder",
		"2": "block/bookshelf",
		"particle": "block/light_blue_terracotta"
	},
	"elements": [
		{
			"name": "cube",
			"from": [4.8000000000000025, 0, 3.3999999999999995],
			"to": [7.4, 1, 4.3999999999999995],
			"faces": {
				"north": {"uv": [0, 0, 2, 4.5], "texture": "#0"},
				"east": {"uv": [0, 0, 2, 4.5], "texture": "#0"},
				"south": {"uv": [0, 0, 2, 4.5], "texture": "#0"},
				"west": {
					"uv": [0, 0, 0.40000000000000036, 4.5],
					"texture": "#0"
				},
				"up": {
					"uv": [0, 0, 2, 0.40000000000000036],
					"texture": "#0"
				},
				"down": {
					"uv": [0, 0, 2, 0.40000000000000036],
					"texture": "#0"
				}
			},
			"rotation": {
				"origin": [5.500000000000002, 8, 6.7],
				"axis": "y",
				"angle": -22.5
			},
			"type": "cube"
		},
		{
			"name": "cube",
			"from": [6.600000000000001, 0, 11.7],
			"to": [9.499999999999998, 1, 12.2],
			"faces": {
				"north": {"uv": [0, 0, 10, 9], "texture": "#0"},
				"east": {"uv": [0, 0, 2, 4.5], "texture": "#0"},
				"south": {"uv": [0, 0, 10, 9], "texture": "#0"},
				"west": {
					"uv": [0, 0, 0.40000000000000036, 4.5],
					"texture": "#0"
				},
				"up": {
					"uv": [0, 0, 2, 0.40000000000000036],
					"texture": "#0"
				},
				"down": {
					"uv": [0, 0, 2, 0.40000000000000036],
					"texture": "#0"
				}
			},
			"rotation": {
				"origin": [7.300000000000001, 8, 14.4],
				"axis": "y",
				"angle": 22.5
			},
			"type": "cube"
		},
		{
			"name": "cube",
			"from": [6.600000000000001, 0, 12.2],
			"to": [9.499999999999998, 9, 12.7],
			"faces": {
				"north": {"uv": [0, 0, 10, 9], "texture": "#0"},
				"east": {"uv": [0, 0, 2, 4.5], "texture": "#0"},
				"south": {"uv": [0, 0, 10, 9], "texture": "#0"},
				"west": {
					"uv": [0, 0, 0.40000000000000036, 4.5],
					"texture": "#0"
				},
				"up": {
					"uv": [0, 0, 2, 0.40000000000000036],
					"texture": "#0"
				},
				"down": {
					"uv": [0, 0, 2, 0.40000000000000036],
					"texture": "#0"
				}
			},
			"rotation": {
				"origin": [7.300000000000001, 8, 14.9],
				"axis": "y",
				"angle": 22.5
			},
			"type": "cube"
		},
		{
			"name": "cube",
			"from": [4.8000000000000025, 0, 3.099999999999999],
			"to": [7.4, 9, 3.4999999999999996],
			"faces": {
				"north": {"uv": [0, 0, 10, 9], "texture": "#0"},
				"east": {"uv": [0, 0, 2, 4.5], "texture": "#0"},
				"south": {"uv": [0, 0, 10, 9], "texture": "#0"},
				"west": {
					"uv": [0, 0, 0.40000000000000036, 4.5],
					"texture": "#0"
				},
				"up": {
					"uv": [0, 0, 2, 0.40000000000000036],
					"texture": "#0"
				},
				"down": {
					"uv": [0, 0, 2, 0.40000000000000036],
					"texture": "#0"
				}
			},
			"rotation": {
				"origin": [5.500000000000002, 8, 5.800000000000001],
				"axis": "y",
				"angle": -22.5
			},
			"type": "cube"
		},
		{
			"name": "cube",
			"from": [9.000000000000002, 0, 4],
			"to": [11.4, 1, 5],
			"faces": {
				"north": {"uv": [0, 0, 2, 4.5], "texture": "#0"},
				"east": {"uv": [0, 0, 2, 4.5], "texture": "#0"},
				"south": {"uv": [0, 0, 2, 4.5], "texture": "#0"},
				"west": {
					"uv": [0, 0, 0.40000000000000036, 4.5],
					"texture": "#0"
				},
				"up": {
					"uv": [0, 0, 2, 0.40000000000000036],
					"texture": "#0"
				},
				"down": {
					"uv": [0, 0, 2, 0.40000000000000036],
					"texture": "#0"
				}
			},
			"rotation": {
				"origin": [9.200000000000001, 8, 7.4],
				"axis": "y",
				"angle": 22.5
			},
			"type": "cube"
		},
		{
			"name": "cube",
			"from": [7.000000000000002, 0, 11.499999999999998],
			"to": [9.399999999999999, 9, 11.999999999999998],
			"faces": {
				"north": {"uv": [0, 0, 10, 9], "texture": "#0"},
				"east": {"uv": [0, 0, 2, 4.5], "texture": "#0"},
				"south": {"uv": [0, 0, 10, 9], "texture": "#0"},
				"west": {
					"uv": [0, 0, 0.40000000000000036, 4.5],
					"texture": "#0"
				},
				"up": {
					"uv": [0, 0, 2, 0.40000000000000036],
					"texture": "#0"
				},
				"down": {
					"uv": [0, 0, 2, 0.40000000000000036],
					"texture": "#0"
				}
			},
			"rotation": {
				"origin": [
					7.399999999999999,
					8,
					14.299999999999999
				],
				"axis": "y",
				"angle": -22.5
			},
			"type": "cube"
		},
		{
			"name": "cube",
			"from": [7.000000000000002, 0, 11.299999999999999],
			"to": [
				9.399999999999999,
				0.8999999999999986,
				11.799999999999999
			],
			"faces": {
				"north": {"uv": [0, 0, 10, 9], "texture": "#0"},
				"east": {"uv": [0, 0, 2, 4.5], "texture": "#0"},
				"south": {"uv": [0, 0, 10, 9], "texture": "#0"},
				"west": {
					"uv": [0, 0, 0.40000000000000036, 4.5],
					"texture": "#0"
				},
				"up": {
					"uv": [0, 0, 2, 0.40000000000000036],
					"texture": "#0"
				},
				"down": {
					"uv": [0, 0, 2, 0.40000000000000036],
					"texture": "#0"
				}
			},
			"rotation": {
				"origin": [7.399999999999999, 8, 14.1],
				"axis": "y",
				"angle": -22.5
			},
			"type": "cube"
		},
		{
			"name": "cube",
			"from": [9.000000000000002, 0, 3.5999999999999996],
			"to": [11.200000000000001, 9, 4.1],
			"faces": {
				"north": {"uv": [0, 0, 10, 9], "texture": "#0"},
				"east": {"uv": [0, 0, 2, 4.5], "texture": "#0"},
				"south": {"uv": [0, 0, 10, 9], "texture": "#0"},
				"west": {
					"uv": [0, 0, 0.40000000000000036, 4.5],
					"texture": "#0"
				},
				"up": {
					"uv": [0, 0, 2, 0.40000000000000036],
					"texture": "#0"
				},
				"down": {
					"uv": [0, 0, 2, 0.40000000000000036],
					"texture": "#0"
				}
			},
			"rotation": {
				"origin": [9.200000000000001, 8, 6.4],
				"axis": "y",
				"angle": 22.5
			},
			"type": "cube"
		},
		{
			"name": "cube",
			"from": [10, 0, 3],
			"to": [11, 9, 13],
			"faces": {
				"north": {"uv": [0, 0, 10, 9], "texture": "#0"},
				"east": {"uv": [0, 0, 10, 9], "texture": "#0"},
				"south": {"uv": [0, 0, 10, 9], "texture": "#0"},
				"west": {"uv": [0, 0, 10, 9], "texture": "#0"},
				"up": {"uv": [0, 0, 10, 9], "texture": "#0"},
				"down": {"uv": [0, 0, 10, 9], "texture": "#0"}
			},
			"type": "cube"
		},
		{
			"name": "cube",
			"from": [
				10.4,
				11.500000000000002,
				6.700000000000003
			],
			"to": [10.700000000000001, 11.8, 9.200000000000003],
			"faces": {
				"north": {
					"uv": [0, 0, 0.5, 5],
					"texture": "#1",
					"rotation": 180
				},
				"east": {
					"uv": [0, 0, 5, 4.5],
					"texture": "#1",
					"rotation": 90
				},
				"south": {
					"uv": [0, 0, 10, 9],
					"texture": "#1",
					"rotation": 270
				},
				"west": {
					"uv": [0, 0, 10, 9],
					"texture": "#1",
					"rotation": 270
				},
				"up": {"uv": [0, 0, 5, 4.5], "texture": "#1"},
				"down": {
					"uv": [0, 0, 0.5, 4.5],
					"texture": "#1",
					"rotation": 180
				}
			},
			"rotation": {
				"origin": [13, 8.8, 9.700000000000003],
				"axis": "x",
				"angle": 0
			},
			"type": "cube"
		},
		{
			"name": "cube",
			"from": [5.4, 11.500000000000002, 6.700000000000003],
			"to": [5.700000000000001, 11.8, 9.200000000000003],
			"faces": {
				"north": {
					"uv": [0, 0, 0.5, 5],
					"texture": "#1",
					"rotation": 180
				},
				"east": {
					"uv": [0, 0, 5, 4.5],
					"texture": "#1",
					"rotation": 90
				},
				"south": {
					"uv": [0, 0, 10, 9],
					"texture": "#1",
					"rotation": 270
				},
				"west": {
					"uv": [0, 0, 10, 9],
					"texture": "#1",
					"rotation": 270
				},
				"up": {"uv": [0, 0, 5, 4.5], "texture": "#1"},
				"down": {"uv": [0, 0, 5, 4.5], "texture": "#1"}
			},
			"rotation": {
				"origin": [8, 8.8, 9.700000000000003],
				"axis": "x",
				"angle": 0
			},
			"type": "cube"
		},
		{
			"name": "cube",
			"from": [
				10.4,
				12.500000000000002,
				6.700000000000003
			],
			"to": [10.700000000000001, 12.8, 7.700000000000003],
			"faces": {
				"north": {
					"uv": [0, 0, 0.5, 5],
					"texture": "#1",
					"rotation": 180
				},
				"east": {
					"uv": [0, 0, 5, 4.5],
					"texture": "#1",
					"rotation": 90
				},
				"south": {
					"uv": [0, 0, 10, 9],
					"texture": "#1",
					"rotation": 270
				},
				"west": {
					"uv": [0, 0, 10, 9],
					"texture": "#1",
					"rotation": 270
				},
				"up": {"uv": [0, 0, 5, 4.5], "texture": "#1"},
				"down": {
					"uv": [0, 0, 0.5, 4.5],
					"texture": "#1",
					"rotation": 180
				}
			},
			"rotation": {
				"origin": [13, 9.8, 9.700000000000003],
				"axis": "x",
				"angle": -22.5
			},
			"type": "cube"
		},
		{
			"name": "cube",
			"from": [5.4, 12.500000000000002, 6.700000000000003],
			"to": [5.700000000000001, 12.8, 7.700000000000003],
			"faces": {
				"north": {
					"uv": [0, 0, 0.5, 5],
					"texture": "#1",
					"rotation": 180
				},
				"east": {
					"uv": [0, 0, 5, 4.5],
					"texture": "#1",
					"rotation": 90
				},
				"south": {
					"uv": [0, 0, 10, 9],
					"texture": "#1",
					"rotation": 270
				},
				"west": {
					"uv": [0, 0, 10, 9],
					"texture": "#1",
					"rotation": 270
				},
				"up": {"uv": [0, 0, 5, 4.5], "texture": "#1"},
				"down": {"uv": [0, 0, 5, 4.5], "texture": "#1"}
			},
			"rotation": {
				"origin": [8, 9.8, 9.700000000000003],
				"axis": "x",
				"angle": -22.5
			},
			"type": "cube"
		},
		{
			"name": "cube",
			"from": [
				10.4,
				10.600000000000001,
				7.8000000000000025
			],
			"to": [10.700000000000001, 10.9, 8.800000000000002],
			"faces": {
				"north": {
					"uv": [0, 0, 0.5, 5],
					"texture": "#1",
					"rotation": 180
				},
				"east": {
					"uv": [0, 0, 5, 4.5],
					"texture": "#1",
					"rotation": 90
				},
				"south": {
					"uv": [0, 0, 10, 9],
					"texture": "#1",
					"rotation": 270
				},
				"west": {
					"uv": [0, 0, 10, 9],
					"texture": "#1",
					"rotation": 270
				},
				"up": {"uv": [0, 0, 0.5, 4.5], "texture": "#1"},
				"down": {
					"uv": [0, 0, 0.5, 4.5],
					"texture": "#1",
					"rotation": 180
				}
			},
			"rotation": {
				"origin": [13, 7.9, 10.800000000000002],
				"axis": "x",
				"angle": 22.5
			},
			"type": "cube"
		},
		{
			"name": "cube",
			"from": [
				5.4,
				10.600000000000001,
				7.8000000000000025
			],
			"to": [5.700000000000001, 10.9, 8.800000000000002],
			"faces": {
				"north": {
					"uv": [0, 0, 0.5, 5],
					"texture": "#1",
					"rotation": 180
				},
				"east": {
					"uv": [0, 0, 5, 4.5],
					"texture": "#1",
					"rotation": 90
				},
				"south": {
					"uv": [0, 0, 10, 9],
					"texture": "#1",
					"rotation": 270
				},
				"west": {
					"uv": [0, 0, 10, 9],
					"texture": "#1",
					"rotation": 270
				},
				"up": {"uv": [0, 0, 5, 4.5], "texture": "#1"},
				"down": {"uv": [0, 0, 5, 4.5], "texture": "#1"}
			},
			"rotation": {
				"origin": [8, 7.9, 10.800000000000002],
				"axis": "x",
				"angle": 22.5
			},
			"type": "cube"
		},
		{
			"name": "cube",
			"from": [
				10.4,
				9.200000000000001,
				12.700000000000003
			],
			"to": [
				10.700000000000001,
				10.200000000000001,
				13.000000000000002
			],
			"faces": {
				"north": {"uv": [0, 0, 0.5, 4.5], "texture": "#1"},
				"east": {"uv": [0, 0, 5, 4.5], "texture": "#1"},
				"south": {"uv": [0, 0, 5, 4.5], "texture": "#1"},
				"west": {"uv": [0, 0, 10, 9], "texture": "#1"},
				"up": {"uv": [0, 0, 0.5, 5], "texture": "#1"},
				"down": {
					"uv": [0, 0, 10, 9],
					"texture": "#1",
					"rotation": 270
				}
			},
			"rotation": {
				"origin": [
					13,
					7.200000000000001,
					9.900000000000002
				],
				"axis": "x",
				"angle": -45
			},
			"type": "cube"
		},
		{
			"name": "cube",
			"from": [5.4, 9.200000000000001, 12.700000000000003],
			"to": [
				5.700000000000001,
				10.200000000000001,
				13.000000000000002
			],
			"faces": {
				"north": {"uv": [0, 0, 5, 4.5], "texture": "#1"},
				"east": {"uv": [0, 0, 5, 4.5], "texture": "#1"},
				"south": {"uv": [0, 0, 5, 4.5], "texture": "#1"},
				"west": {"uv": [0, 0, 10, 9], "texture": "#1"},
				"up": {"uv": [0, 0, 0.5, 5], "texture": "#1"},
				"down": {
					"uv": [0, 0, 10, 9],
					"texture": "#1",
					"rotation": 270
				}
			},
			"rotation": {
				"origin": [8, 7.200000000000001, 9.900000000000002],
				"axis": "x",
				"angle": -45
			},
			"type": "cube"
		},
		{
			"name": "cube",
			"from": [10.4, 13.3, 4.500000000000002],
			"to": [10.700000000000001, 14.3, 4.800000000000001],
			"faces": {
				"north": {"uv": [0, 0, 5, 4.5], "texture": "#1"},
				"east": {"uv": [0, 0, 5, 4.5], "texture": "#1"},
				"south": {"uv": [0, 0, 0.5, 4.5], "texture": "#1"},
				"west": {"uv": [0, 0, 10, 9], "texture": "#1"},
				"up": {"uv": [0, 0, 0.5, 5], "texture": "#1"},
				"down": {"uv": [0, 0, 0.5, 5], "texture": "#0"}
			},
			"rotation": {
				"origin": [13, 11.3, 1.700000000000001],
				"axis": "x",
				"angle": 45
			},
			"type": "cube"
		},
		{
			"name": "cube",
			"from": [5.4, 13.3, 4.500000000000002],
			"to": [5.700000000000001, 14.3, 4.800000000000001],
			"faces": {
				"north": {"uv": [0, 0, 5, 4.5], "texture": "#1"},
				"east": {"uv": [0, 0, 5, 4.5], "texture": "#1"},
				"south": {"uv": [0, 0, 5, 4.5], "texture": "#1"},
				"west": {"uv": [0, 0, 10, 9], "texture": "#1"},
				"up": {"uv": [0, 0, 0.5, 5], "texture": "#1"},
				"down": {"uv": [0, 0, 0.5, 5], "texture": "#0"}
			},
			"rotation": {
				"origin": [8, 11.3, 1.700000000000001],
				"axis": "x",
				"angle": 45
			},
			"type": "cube"
		},
		{
			"name": "cube",
			"from": [10.4, 11.1, 4.200000000000001],
			"to": [10.700000000000001, 12.1, 4.5],
			"faces": {
				"north": {"uv": [0, 0, 5, 4.5], "texture": "#1"},
				"east": {"uv": [0, 0, 5, 4.5], "texture": "#1"},
				"south": {"uv": [0, 0, 0.5, 4.5], "texture": "#1"},
				"west": {"uv": [0, 0, 10, 9], "texture": "#1"},
				"up": {"uv": [0, 0, 0.5, 5], "texture": "#1"},
				"down": {"uv": [0, 0, 0.5, 5], "texture": "#0"}
			},
			"rotation": {
				"origin": [13, 9.1, 1.4000000000000004],
				"axis": "x",
				"angle": 22.5
			},
			"type": "cube"
		},
		{
			"name": "cube",
			"from": [5.4, 11.1, 4.200000000000001],
			"to": [5.700000000000001, 12.1, 4.5],
			"faces": {
				"north": {"uv": [0, 0, 5, 4.5], "texture": "#1"},
				"east": {"uv": [0, 0, 5, 4.5], "texture": "#1"},
				"south": {"uv": [0, 0, 5, 4.5], "texture": "#1"},
				"west": {"uv": [0, 0, 10, 9], "texture": "#1"},
				"up": {"uv": [0, 0, 0.5, 5], "texture": "#1"},
				"down": {"uv": [0, 0, 0.5, 5], "texture": "#0"}
			},
			"rotation": {
				"origin": [8, 9.1, 1.4000000000000004],
				"axis": "x",
				"angle": 22.5
			},
			"type": "cube"
		},
		{
			"name": "cube",
			"from": [10.4, 8.9, 11.700000000000001],
			"to": [10.700000000000001, 9.9, 12],
			"faces": {
				"north": {"uv": [0, 0, 0.5, 4.5], "texture": "#1"},
				"east": {"uv": [0, 0, 5, 4.5], "texture": "#1"},
				"south": {"uv": [0, 0, 0.5, 4.5], "texture": "#1"},
				"west": {"uv": [0, 0, 10, 9], "texture": "#1"},
				"up": {"uv": [0, 0, 0.5, 5], "texture": "#1"},
				"down": {"uv": [0, 0, 0.5, 5], "texture": "#0"}
			},
			"rotation": {
				"origin": [13, 6.9, 8.9],
				"axis": "x",
				"angle": -22.5
			},
			"type": "cube"
		},
		{
			"name": "cube",
			"from": [5.4, 8.9, 11.700000000000001],
			"to": [5.700000000000001, 9.9, 12],
			"faces": {
				"north": {"uv": [0, 0, 5, 4.5], "texture": "#1"},
				"east": {"uv": [0, 0, 5, 4.5], "texture": "#1"},
				"south": {"uv": [0, 0, 5, 4.5], "texture": "#1"},
				"west": {"uv": [0, 0, 10, 9], "texture": "#1"},
				"up": {"uv": [0, 0, 0.5, 5], "texture": "#1"},
				"down": {"uv": [0, 0, 0.5, 5], "texture": "#0"}
			},
			"rotation": {
				"origin": [8, 6.9, 8.9],
				"axis": "x",
				"angle": -22.5
			},
			"type": "cube"
		},
		{
			"name": "cube",
			"from": [10.4, 9, 10.700000000000001],
			"to": [10.700000000000001, 10, 11],
			"faces": {
				"north": {"uv": [0, 0, 0.5, 4.5], "texture": "#1"},
				"east": {"uv": [0, 0, 5, 4.5], "texture": "#1"},
				"south": {"uv": [0, 0, 0.5, 4.5], "texture": "#1"},
				"west": {"uv": [0, 0, 10, 9], "texture": "#1"},
				"up": {"uv": [0, 0, 0.5, 5], "texture": "#1"},
				"down": {"uv": [0, 0, 0.5, 5], "texture": "#0"}
			},
			"type": "cube"
		},
		{
			"name": "cube",
			"from": [5.4, 9, 10.700000000000001],
			"to": [5.700000000000001, 10, 11],
			"faces": {
				"north": {"uv": [0, 0, 5, 4.5], "texture": "#1"},
				"east": {"uv": [0, 0, 5, 4.5], "texture": "#1"},
				"south": {"uv": [0, 0, 5, 4.5], "texture": "#1"},
				"west": {"uv": [0, 0, 10, 9], "texture": "#1"},
				"up": {"uv": [0, 0, 0.5, 5], "texture": "#1"},
				"down": {"uv": [0, 0, 0.5, 5], "texture": "#0"}
			},
			"type": "cube"
		},
		{
			"name": "cube",
			"from": [10.4, 9, 4.800000000000001],
			"to": [10.700000000000001, 10, 5.1],
			"faces": {
				"north": {"uv": [0, 0, 5, 4.5], "texture": "#1"},
				"east": {"uv": [0, 0, 5, 4.5], "texture": "#1"},
				"south": {"uv": [0, 0, 0.5, 4.5], "texture": "#1"},
				"west": {"uv": [0, 0, 10, 9], "texture": "#1"},
				"up": {"uv": [0, 0, 0.5, 5], "texture": "#1"},
				"down": {"uv": [0, 0, 0.5, 5], "texture": "#0"}
			},
			"type": "cube"
		},
		{
			"name": "cube",
			"from": [5.4, 9, 4.800000000000001],
			"to": [5.700000000000001, 10, 5.1],
			"faces": {
				"north": {"uv": [0, 0, 5, 4.5], "texture": "#1"},
				"east": {"uv": [0, 0, 5, 4.5], "texture": "#1"},
				"south": {"uv": [0, 0, 5, 4.5], "texture": "#1"},
				"west": {"uv": [0, 0, 10, 9], "texture": "#1"},
				"up": {"uv": [0, 0, 0.5, 5], "texture": "#1"},
				"down": {"uv": [0, 0, 0.5, 5], "texture": "#0"}
			},
			"type": "cube"
		},
		{
			"name": "cube",
			"from": [5, 0, 3],
			"to": [6, 9, 13.1],
			"faces": {
				"north": {"uv": [0, 0, 0.5, 4.5], "texture": "#0"},
				"east": {"uv": [0, 0, 5, 4.5], "texture": "#0"},
				"south": {"uv": [0, 0, 0.5, 4.5], "texture": "#0"},
				"west": {"uv": [0, 0, 10, 9], "texture": "#0"},
				"up": {"uv": [0, 0, 0.5, 5], "texture": "#0"},
				"down": {"uv": [0, 0, 0.5, 5], "texture": "#0"}
			},
			"type": "cube"
		},
		{
			"name": "cube",
			"from": [6.999999999999998, 7, 7.6999999999999975],
			"to": [9.899999999999999, 8.2, 10.399999999999997],
			"faces": {
				"north": {
					"uv": [
						2.4997147269870923,
						4.499802299167799,
						3.9985993426779043,
						7.498830712359885
					],
					"texture": "#2"
				},
				"east": {
					"uv": [
						2.4997147269870923,
						4.499802299167799,
						3.9985993426779043,
						7.498830712359885
					],
					"texture": "#2"
				},
				"south": {
					"uv": [
						2.4997147269870923,
						4.499802299167799,
						3.9985993426779043,
						7.498830712359885
					],
					"texture": "#2"
				},
				"west": {
					"uv": [
						2.4997147269870923,
						4.499802299167799,
						3.9985993426779043,
						7.498830712359885
					],
					"texture": "#2"
				},
				"up": {
					"uv": [
						2.4997147269870923,
						4.499802299167799,
						3.9985993426779043,
						7.498830712359885
					],
					"texture": "#2"
				},
				"down": {"uv": [0, 0, 10, 9], "texture": "#0"}
			},
			"type": "cube"
		},
		{
			"name": "cube",
			"from": [7.999999999999998, 7, 10.699999999999998],
			"to": [9.899999999999999, 8.6, 11.699999999999998],
			"faces": {
				"north": {
					"uv": [
						8.999917735224185,
						12.999777752420176,
						9.99854444420856,
						15.498548424762227
					],
					"texture": "#2"
				},
				"east": {
					"uv": [
						8.999917735224185,
						12.999777752420176,
						9.99854444420856,
						15.498548424762227
					],
					"texture": "#2"
				},
				"south": {
					"uv": [
						8.999917735224185,
						12.999777752420176,
						9.99854444420856,
						15.498548424762227
					],
					"texture": "#2"
				},
				"west": {
					"uv": [
						8.999917735224185,
						12.999777752420176,
						9.99854444420856,
						15.498548424762227
					],
					"texture": "#2"
				},
				"up": {
					"uv": [
						8.999917735224185,
						12.999777752420176,
						9.99854444420856,
						15.498548424762227
					],
					"texture": "#2"
				},
				"down": {"uv": [0, 0, 10, 9], "texture": "#0"}
			},
			"type": "cube"
		},
		{
			"name": "cube",
			"from": [5.999999999999998, 7, 9.799999999999999],
			"to": [6.999999999999998, 8.5, 10.699999999999998],
			"faces": {
				"north": {
					"uv": [
						0.9998996310763889,
						11.999765523274739,
						2.498623318142361,
						14.998500061035156
					],
					"texture": "#2"
				},
				"east": {
					"uv": [
						0.9998996310763889,
						11.999765523274739,
						2.498623318142361,
						14.998500061035156
					],
					"texture": "#2"
				},
				"south": {
					"uv": [
						0.9998996310763889,
						11.999765523274739,
						2.498623318142361,
						14.998500061035156
					],
					"texture": "#2"
				},
				"west": {
					"uv": [
						3.9998580269191577,
						3.999858690344769,
						5.49874264260997,
						6.9988871035368545
					],
					"texture": "#2"
				},
				"up": {
					"uv": [
						0.9998996310763889,
						11.999765523274739,
						2.498623318142361,
						14.998500061035156
					],
					"texture": "#2"
				},
				"down": {"uv": [0, 0, 10, 9], "texture": "#0"}
			},
			"type": "cube"
		},
		{
			"name": "cube",
			"from": [8.999999999999998, 7, 5.999999999999998],
			"to": [9.899999999999999, 8.2, 6.6999999999999975],
			"faces": {
				"north": {
					"uv": [
						3.9998580269191577,
						3.999858690344769,
						5.49874264260997,
						6.9988871035368545
					],
					"texture": "#2"
				},
				"east": {
					"uv": [
						3.9998580269191577,
						3.999858690344769,
						5.49874264260997,
						6.9988871035368545
					],
					"texture": "#2"
				},
				"south": {
					"uv": [
						3.9998580269191577,
						3.999858690344769,
						5.49874264260997,
						6.9988871035368545
					],
					"texture": "#2"
				},
				"west": {
					"uv": [
						3.9998580269191577,
						3.999858690344769,
						5.49874264260997,
						6.9988871035368545
					],
					"texture": "#2"
				},
				"up": {
					"uv": [
						3.9998580269191577,
						3.999858690344769,
						5.49874264260997,
						6.9988871035368545
					],
					"texture": "#2"
				},
				"down": {"uv": [0, 0, 10, 9], "texture": "#0"}
			},
			"type": "cube"
		},
		{
			"name": "cube",
			"from": [6, 7, 4.999999999999998],
			"to": [8.9, 8.2, 7.6999999999999975],
			"faces": {
				"north": {
					"uv": [
						0.49962821006774905,
						3.999922180175781,
						1.99851279258728,
						6.999139595031738
					],
					"texture": "#2"
				},
				"east": {
					"uv": [
						0.49962821006774905,
						3.999922180175781,
						1.99851279258728,
						6.999139595031738
					],
					"texture": "#2"
				},
				"south": {
					"uv": [
						0.49962821006774905,
						3.999922180175781,
						1.99851279258728,
						6.999139595031738
					],
					"texture": "#2"
				},
				"west": {"uv": [0, 0, 8, 1], "texture": "#missing"},
				"up": {
					"uv": [
						0.49962821006774905,
						3.999922180175781,
						1.99851279258728,
						6.999139595031738
					],
					"texture": "#2"
				},
				"down": {"uv": [0, 0, 10, 9], "texture": "#0"}
			},
			"type": "cube"
		},
		{
			"name": "cube",
			"from": [6, 6, 3.9999999999999982],
			"to": [10, 7, 12.099999999999998],
			"faces": {
				"north": {"uv": [0, 0, 2, 4.5], "texture": "#0"},
				"east": {"uv": [0, 0, 8, 1], "texture": "#missing"},
				"south": {"uv": [0, 0, 10, 9], "texture": "#0"},
				"west": {"uv": [0, 0, 8, 1], "texture": "#missing"},
				"up": {"uv": [0, 0, 10, 9], "texture": "#0"},
				"down": {"uv": [0, 0, 10, 9], "texture": "#0"}
			},
			"type": "cube"
		},
		{
			"name": "cube",
			"from": [6, 0, 3.9999999999999982],
			"to": [10, 1, 12.099999999999998],
			"faces": {
				"north": {"uv": [0, 0, 2, 4.5], "texture": "#0"},
				"east": {"uv": [0, 0, 8, 1], "texture": "#missing"},
				"south": {"uv": [0, 0, 10, 9], "texture": "#0"},
				"west": {"uv": [0, 0, 8, 1], "texture": "#missing"},
				"up": {"uv": [0, 0, 10, 9], "texture": "#0"},
				"down": {"uv": [0, 0, 10, 9], "texture": "#0"}
			},
			"type": "cube"
		}
	],
	"display": {
		"thirdperson_righthand": {
			"scale": [0.5, 0.6, 0.4],
			"translation": [0, -2, -2.5],
			"rotation": [70, -1, 1]
		},
		"thirdperson_lefthand": {
			"translation": [0, -2, -2.5],
			"rotation": [70, -1, 1],
			"scale": [0.5, 0.6, 0.4]
		},
		"firstperson_righthand": {
			"scale": [1, 1, 1],
			"rotation": [-1, -18, 9],
			"translation": [3, 2.5, 0]
		},
		"firstperson_lefthand": {
			"scale": [1, 1, 1],
			"rotation": [-1, -18, 9],
			"translation": [3, 2.5, 0]
		},
		"ground": {
			"scale": [0.44999999999999996, 0.475, 0.4],
			"translation": [0, -0.5, 0]
		},
		"fixed": {
			"scale": [1, 1, 1],
			"rotation": [-20, 87, 13],
			"translation": [0.5, 1.5, -3]
		},
		"gui": {
			"scale": [1, 1, 1],
			"translation": [1, 2, 0],
			"rotation": [21, 29, 1]
		}
	}
}
